"Excluded","Level","Term","est","se","ci.lb","ci.ub","QE","QM"
"10.1002/ece3.10099-LOC-A","study","intrcpt",-4.08125946842568,4.04142491174034,-12.0024522954368,3.83993335858539,13778.3420452009,102.116607193311
"10.1002/ece3.10099-LOC-A","study","dt",-7.82028669936927,1.21191888359796,-10.1956477112213,-5.44492568751728,13778.3420452009,102.116607193311
"10.1002/ece3.10099-LOC-A","study","dph",66.5917987402205,9.2097007174618,48.5407853339954,84.6428121464456,13778.3420452009,102.116607193311
"10.1002/ece3.10099-LOC-A","study","dt:dph",-5.48266595069547,3.68290652532216,-12.7011627403269,1.73583083893597,13778.3420452009,102.116607193311
"10.1002/ece3.10099-LOC-B","study","intrcpt",-4.11922052337159,4.0371703201007,-12.032074350769,3.79363330402578,13826.2524676487,102.273025808804
"10.1002/ece3.10099-LOC-B","study","dt",-7.8167997594574,1.21075957957121,-10.189888535417,-5.44371098349782,13826.2524676487,102.273025808804
"10.1002/ece3.10099-LOC-B","study","dph",66.536861704641,9.19857021911362,48.5076640751783,84.5660593341037,13826.2524676487,102.273025808804
"10.1002/ece3.10099-LOC-B","study","dt:dph",-5.46173079279671,3.67915590380553,-12.6728763642556,1.74941477866213,13826.2524676487,102.273025808804
"10.1002/lno.10952","study","intrcpt",-4.10606240767287,3.99150953419608,-11.9294210946972,3.71729627935145,13792.5108368899,100.514966609523
"10.1002/lno.10952","study","dt",-7.47674568984265,1.21567909026268,-9.85947670675751,-5.09401467292779,13792.5108368899,100.514966609523
"10.1002/lno.10952","study","dph",65.6796437202637,9.1249595407058,47.7947230204803,83.564564420047,13792.5108368899,100.514966609523
"10.1002/lno.10952","study","dt:dph",-4.91908481985119,3.66627628366876,-12.104986335842,2.26681669613957,13792.5108368899,100.514966609523
"10.1002/lno.11863","study","intrcpt",-5.80666403979165,4.16676689857442,-13.9735271609975,2.36019908141422,13427.0596216984,74.5858061206391
"10.1002/lno.11863","study","dt",-6.94970681901264,1.2610872202522,-9.42143777070695,-4.47797586731834,13427.0596216984,74.5858061206391
"10.1002/lno.11863","study","dph",62.9934011437603,9.88504138772749,43.6187200238144,82.3680822637062,13427.0596216984,74.5858061206391
"10.1002/lno.11863","study","dt:dph",-3.23829763619367,4.51823360462598,-12.0940355012606,5.61744022887324,13427.0596216984,74.5858061206391
"10.1007/s00227-012-2165-5","study","intrcpt",-3.9481645530432,4.04200935424394,-11.8705028873613,3.97417378127493,13837.3065272855,103.090213243129
"10.1007/s00227-012-2165-5","study","dt",-7.8654246006168,1.21110888074641,-10.2391980068798,-5.49165119435384,13837.3065272855,103.090213243129
"10.1007/s00227-012-2165-5","study","dph",67.2641369535599,9.21979833317203,49.1933322205427,85.3349416865771,13837.3065272855,103.090213243129
"10.1007/s00227-012-2165-5","study","dt:dph",-5.675766102158,3.68077872735657,-12.8900924077769,1.53856020346088,13837.3065272855,103.090213243129
"10.1007/s00227-016-2909-8","study","intrcpt",-3.94561700260394,4.03157332571842,-11.847500721012,3.95626671580415,13838.2603687595,103.820266591095
"10.1007/s00227-016-2909-8","study","dt",-7.9716011580836,1.21070612394322,-10.3445851610123,-5.59861715515488,13838.2603687595,103.820266591095
"10.1007/s00227-016-2909-8","study","dph",66.5312932669815,9.13849699993375,48.6198391471113,84.4427473868516,13838.2603687595,103.820266591095
"10.1007/s00227-016-2909-8","study","dt:dph",-5.57143671840821,3.66504645438027,-12.7549277689935,1.61205433217712,13838.2603687595,103.820266591095
"10.1007/s00227-016-2986-8","study","intrcpt",-4.10209869297644,4.04457121851004,-12.0294582812561,3.82526089530323,13808.9038714593,101.076620741621
"10.1007/s00227-016-2986-8","study","dt",-7.87666879544445,1.21537046134906,-10.2587948996886,-5.49454269120029,13808.9038714593,101.076620741621
"10.1007/s00227-016-2986-8","study","dph",66.1183706757526,9.19615120514774,48.093914313663,84.1428270378421,13808.9038714593,101.076620741621
"10.1007/s00227-016-2986-8","study","dt:dph",-5.41821428209745,3.6924734690994,-12.6554622815323,1.81903371733736,13808.9038714593,101.076620741621
"10.1007/s00227-022-04071-6","study","intrcpt",-4.25852720849329,4.00803027506821,-12.114266547627,3.59721213064041,13819.2841583834,103.47771730135
"10.1007/s00227-022-04071-6","study","dt",-7.93905168945291,1.20686730281421,-10.3045116029688,-5.57359177593707,13819.2841583834,103.47771730135
"10.1007/s00227-022-04071-6","study","dph",66.3261101169797,9.12846952231007,48.4343098532519,84.2179103807074,13819.2841583834,103.47771730135
"10.1007/s00227-022-04071-6","study","dt:dph",-5.58558590833441,3.66046760894849,-12.7601024218735,1.58893060520463,13819.2841583834,103.47771730135
"10.1007/s00338-008-0380-9","study","intrcpt",-3.87420260388639,4.02640577718718,-11.7659579271733,4.01755271940048,13841.9481711076,103.44493023165
"10.1007/s00338-008-0380-9","study","dt",-7.84925360502664,1.2060836555958,-10.2131775699944,-5.48532964005888,13841.9481711076,103.44493023165
"10.1007/s00338-008-0380-9","study","dph",66.5416577375542,9.12996349045275,48.6469292962668,84.4363861788416,13841.9481711076,103.44493023165
"10.1007/s00338-008-0380-9","study","dt:dph",-5.49640457140226,3.65903571967214,-12.6681145819597,1.67530543915513,13841.9481711076,103.44493023165
"10.1007/s00338-011-0786-7","study","intrcpt",-3.91008963518954,4.0399099812995,-11.8283131985366,4.00813392815747,13834.654618516,103.386247796434
"10.1007/s00338-011-0786-7","study","dt",-7.86836848308279,1.21005172182495,-10.2400698578597,-5.49666710830589,13834.654618516,103.386247796434
"10.1007/s00338-011-0786-7","study","dph",67.1615432665303,9.18582553428876,49.1573252193243,85.1657613137363,13834.654618516,103.386247796434
"10.1007/s00338-011-0786-7","study","dt:dph",-5.65098187544516,3.67426366377755,-12.8525386564492,1.55057490555883,13834.654618516,103.386247796434
"10.1007/s00338-011-0819-2","study","intrcpt",-4.1233566354851,4.0124279210623,-11.9877153607672,3.74100208979701,13825.0416330593,103.597115897833
"10.1007/s00338-011-0819-2","study","dt",-7.83155984311129,1.2051040576697,-10.1935637961439,-5.46955589007868,13825.0416330593,103.597115897833
"10.1007/s00338-011-0819-2","study","dph",67.0136837357482,9.14986428511277,49.0799497369272,84.9474177345693,13825.0416330593,103.597115897833
"10.1007/s00338-011-0819-2","study","dt:dph",-5.61076231853495,3.66224930777306,-12.7887709617702,1.56724632470025,13825.0416330593,103.597115897833
"10.1007/s00338-012-0952-6","study","intrcpt",-4.1243752172216,4.02119545601612,-12.0059183110132,3.75716787657,13841.5527267343,103.875145980163
"10.1007/s00338-012-0952-6","study","dt",-7.81096354533046,1.20838452754045,-10.1793972193097,-5.44252987135119,13841.5527267343,103.875145980163
"10.1007/s00338-012-0952-6","study","dph",66.4352344810889,9.13657842504787,48.5275407679951,84.3429281941827,13841.5527267343,103.875145980163
"10.1007/s00338-012-0952-6","study","dt:dph",-5.23459670265419,3.6691743836858,-12.4261784946784,1.95698508936998,13841.5527267343,103.875145980163
"10.1007/s00338-014-1132-7","study","intrcpt",-3.91631534750326,4.0215162540717,-11.7984872054838,3.96585651047727,13848.281583181,103.394564352431
"10.1007/s00338-014-1132-7","study","dt",-7.84217444108255,1.20569351391195,-10.20533372835,-5.47901515381513,13848.281583181,103.394564352431
"10.1007/s00338-014-1132-7","study","dph",66.5355019377424,9.12979389786634,48.6411058979243,84.4298979775604,13848.281583181,103.394564352431
"10.1007/s00338-014-1132-7","study","dt:dph",-5.49269618273814,3.65883042735038,-12.6640038203449,1.6786114548686,13848.281583181,103.394564352431
"10.1007/s00338-015-1342-7","study","intrcpt",-4.03702269561611,4.02595650440307,-11.9278974442461,3.85385205301391,13838.8701150926,102.919015016668
"10.1007/s00338-015-1342-7","study","dt",-7.87827132862591,1.20707422928285,-10.2441368180203,-5.51240583923154,13838.8701150926,102.919015016668
"10.1007/s00338-015-1342-7","study","dph",65.9411530573219,9.14358405993064,48.0197282998579,83.862577814786,13838.8701150926,102.919015016668
"10.1007/s00338-015-1342-7","study","dt:dph",-5.3232717271527,3.6716883318304,-12.5197808575403,1.87323740323488,13838.8701150926,102.919015016668
"10.1007/s00338-016-1405-4","study","intrcpt",-3.72434233518283,4.0281510670124,-11.6195184265271,4.17083375616148,13843.2839029443,102.832848575295
"10.1007/s00338-016-1405-4","study","dt",-7.82082360922959,1.20759717547625,-10.187714073163,-5.45393314529613,13843.2839029443,102.832848575295
"10.1007/s00338-016-1405-4","study","dph",66.7185483281248,9.14807617803192,48.7883190191822,84.6487776370673,13843.2839029443,102.832848575295
"10.1007/s00338-016-1405-4","study","dt:dph",-5.53676113424196,3.66540027939956,-12.7209456818651,1.64742341338118,13843.2839029443,102.832848575295
"10.1007/s00338-016-1425-0","study","intrcpt",-3.67857647268967,3.98220207253735,-11.4836925348629,4.12653958948354,13427.9539537315,106.589995141067
"10.1007/s00338-016-1425-0","study","dt",-8.37843942155913,1.23409130968443,-10.7972583885406,-5.95962045457763,13427.9539537315,106.589995141067
"10.1007/s00338-016-1425-0","study","dph",68.3473330270452,9.02118875778027,50.6658030617959,86.0288629922945,13427.9539537315,106.589995141067
"10.1007/s00338-016-1425-0","study","dt:dph",-6.79460724903064,3.6190321971286,-13.8879103554027,0.298695857341424,13427.9539537315,106.589995141067
"10.1007/s00338-017-1547-z","study","intrcpt",-4.11275279951857,4.01563077981462,-11.9833891279552,3.75788352891808,13845.8432227471,103.547723520433
"10.1007/s00338-017-1547-z","study","dt",-7.8386535491829,1.2047566301217,-10.1999765442214,-5.47733055414437,13845.8432227471,103.547723520433
"10.1007/s00338-017-1547-z","study","dph",66.3876284527184,9.12459675234855,48.5034188181153,84.2718380873216,13845.8432227471,103.547723520433
"10.1007/s00338-017-1547-z","study","dt:dph",-5.41768987758667,3.65766659304738,-12.5867163999595,1.75133664478621,13845.8432227471,103.547723520433
"10.1007/s00338-017-1567-8","study","intrcpt",-4.05887696610141,4.03695837324673,-11.971315377665,3.85356144546218,13803.9863637588,102.758275525353
"10.1007/s00338-017-1567-8","study","dt",-7.82274199729464,1.20817972293688,-10.1907742542509,-5.45470974033836,13803.9863637588,102.758275525353
"10.1007/s00338-017-1567-8","study","dph",66.4201221743278,9.15114307620057,48.4838817449747,84.3563626036809,13803.9863637588,102.758275525353
"10.1007/s00338-017-1567-8","study","dt:dph",-5.45268533650416,3.6652840009928,-12.6366419784501,1.73127130544173,13803.9863637588,102.758275525353
"10.1007/s00338-017-1634-1","study","intrcpt",-4.26938896417759,4.02568589582536,-12.1597333199953,3.62095539164011,13821.0909501338,103.086077505226
"10.1007/s00338-017-1634-1","study","dt",-7.84118806406031,1.20544521477151,-10.2038606850125,-5.47851544310814,13821.0909501338,103.086077505226
"10.1007/s00338-017-1634-1","study","dph",66.0430672412346,9.13639397890542,48.13573504258,83.9503994398893,13821.0909501338,103.086077505226
"10.1007/s00338-017-1634-1","study","dt:dph",-5.32561227550292,3.65931367144616,-12.4978670715374,1.84664252053156,13821.0909501338,103.086077505226
"10.1007/s00338-018-1707-9-LOC-A","study","intrcpt",-4.07219528545629,4.01222225855352,-11.9361509122212,3.79176034130862,13813.4410661503,101.661264030509
"10.1007/s00338-018-1707-9-LOC-A","study","dt",-7.67135457938215,1.2171727229207,-10.0570131163067,-5.28569604245759,13813.4410661503,101.661264030509
"10.1007/s00338-018-1707-9-LOC-A","study","dph",66.0576678031477,9.13563392509493,48.1518253099616,83.9635102963337,13813.4410661503,101.661264030509
"10.1007/s00338-018-1707-9-LOC-A","study","dt:dph",-5.21207661027644,3.66850683884272,-12.4023500144082,1.9781967938553,13813.4410661503,101.661264030509
"10.1007/s00338-018-1707-9-LOC-B","study","intrcpt",-3.9984507855457,4.01834464258272,-11.8744062850078,3.87750471391643,13846.0301003934,102.641492477292
"10.1007/s00338-018-1707-9-LOC-B","study","dt",-7.81044191468415,1.21790205127838,-10.1975299351898,-5.42335389417854,13846.0301003934,102.641492477292
"10.1007/s00338-018-1707-9-LOC-B","study","dph",66.4074708393074,9.14020261534364,48.4926737132339,84.322267965381,13846.0301003934,102.641492477292
"10.1007/s00338-018-1707-9-LOC-B","study","dt:dph",-5.43483511449745,3.6699556590337,-12.6279482062035,1.75827797720859,13846.0301003934,102.641492477292
"10.1007/s00338-018-1707-9-LOC-C","study","intrcpt",-3.98514914183895,4.01842342843257,-11.8612590615668,3.8909607778889,13846.1635460801,102.852416036931
"10.1007/s00338-018-1707-9-LOC-C","study","dt",-7.8350675226399,1.21743069087313,-10.2212316767512,-5.44890336852857,13846.1635460801,102.852416036931
"10.1007/s00338-018-1707-9-LOC-C","study","dph",66.4708070552905,9.13962898653934,48.5571342416734,84.3844798689076,13846.1635460801,102.852416036931
"10.1007/s00338-018-1707-9-LOC-C","study","dt:dph",-5.47507460534636,3.66946440224096,-12.6672248337387,1.71707562304593,13846.1635460801,102.852416036931
"10.1007/s00338-018-1731-9","study","intrcpt",-4.11136524976709,4.02751090043912,-12.0052866146278,3.78255611509358,13843.6275595108,102.930364787289
"10.1007/s00338-018-1731-9","study","dt",-7.84421436999665,1.20659978706832,-10.2091499526506,-5.47927878734274,13843.6275595108,102.930364787289
"10.1007/s00338-018-1731-9","study","dph",66.2810662913603,9.13954142098795,48.3675651062239,84.1945674764967,13843.6275595108,102.930364787289
"10.1007/s00338-018-1731-9","study","dt:dph",-5.42826309008946,3.66237614229688,-12.6065203289913,1.74999414881243,13843.6275595108,102.930364787289
"10.1007/s00338-019-01775-y","study","intrcpt",-5.33770408470932,4.03037440233846,-13.2372379132927,2.56182974387406,12763.4918673879,98.4238187821343
"10.1007/s00338-019-01775-y","study","dt",-7.13800786228575,1.23130119862439,-9.55135821158956,-4.72465751298195,12763.4918673879,98.4238187821343
"10.1007/s00338-019-01775-y","study","dph",63.9099590711017,9.05403652940261,46.1640474734725,81.6558706687308,12763.4918673879,98.4238187821343
"10.1007/s00338-019-01775-y","study","dt:dph",-4.26977063173737,3.63675679832386,-11.3978139564521,2.85827269297739,12763.4918673879,98.4238187821343
"10.1007/s00338-019-01794-9","study","intrcpt",-4.03016012274723,4.03856853831986,-11.9457544578542,3.8854342123597,13800.8471354454,102.469740222941
"10.1007/s00338-019-01794-9","study","dt",-7.82908771408938,1.21074379910906,-10.2021455603431,-5.45602986783562,13800.8471354454,102.469740222941
"10.1007/s00338-019-01794-9","study","dph",66.5803656648408,9.18660444222731,48.5746209580752,84.5861103716063,13800.8471354454,102.469740222941
"10.1007/s00338-019-01794-9","study","dt:dph",-5.482204366343,3.67682518151075,-12.6887817221041,1.72437298941807,13800.8471354454,102.469740222941
"10.1007/s00338-020-01991-x","study","intrcpt",-3.94926433760055,4.02863807931254,-11.8453949730531,3.94686629785203,13831.0333355807,103.28456648268
"10.1007/s00338-020-01991-x","study","dt",-7.84098017063821,1.2066597987206,-10.2060333761306,-5.47592696514584,13831.0333355807,103.28456648268
"10.1007/s00338-020-01991-x","study","dph",66.5184800476764,9.1350620901838,48.6137583509162,84.4232017444367,13831.0333355807,103.28456648268
"10.1007/s00338-020-01991-x","study","dt:dph",-5.48609848670348,3.66108107153422,-12.6618173869106,1.6896204135036,13831.0333355807,103.28456648268
"10.1007/s00338-021-02170-2","study","intrcpt",-3.09169824284866,4.02745403385267,-10.9855081491999,4.80211166350258,13119.3285782387,110.274620863218
"10.1007/s00338-021-02170-2","study","dt",-8.09325931718039,1.20497913487241,-10.4550184215303,-5.73150021283046,13119.3285782387,110.274620863218
"10.1007/s00338-021-02170-2","study","dph",68.1705180444811,9.10260421653498,50.3294137800726,86.0116223088897,13119.3285782387,110.274620863218
"10.1007/s00338-021-02170-2","study","dt:dph",-5.36267549214548,3.64365372843726,-12.5042367998825,1.77888581559156,13119.3285782387,110.274620863218
"10.1007/s00338-024-02515-7","study","intrcpt",-4.01437392931648,4.02291456851269,-11.8992864836014,3.87053862496839,13845.9644159958,103.221502503471
"10.1007/s00338-024-02515-7","study","dt",-7.82911512014472,1.20581492110195,-10.1925123655045,-5.46571787478488,13845.9644159958,103.221502503471
"10.1007/s00338-024-02515-7","study","dph",66.4595646225016,9.12895877176552,48.5668054298412,84.352323815162,13845.9644159958,103.221502503471
"10.1007/s00338-024-02515-7","study","dt:dph",-5.46890586315347,3.65893970645988,-12.6404276878148,1.7026159615079,13845.9644159958,103.221502503471
"10.1007/s00425-013-1982-1","study","intrcpt",-3.98622834887501,4.01297936960936,-11.8516679133094,3.87921121555934,13848.375428175,103.337850702013
"10.1007/s00425-013-1982-1","study","dt",-7.83057618012578,1.2047573125393,-10.1919005127028,-5.46925184754876,13848.375428175,103.337850702013
"10.1007/s00425-013-1982-1","study","dph",66.4678656543041,9.12675746358263,48.5794210256822,84.3563102829261,13848.375428175,103.337850702013
"10.1007/s00425-013-1982-1","study","dt:dph",-5.47200955494176,3.6576761550233,-12.6410548187874,1.69703570890392,13848.375428175,103.337850702013
"10.1007/s00442-005-0210-5","study","intrcpt",-4.11608056698534,4.01857114412206,-11.9924800094646,3.7603188754939,13846.5782684751,102.4955969499
"10.1007/s00442-005-0210-5","study","dt",-7.77493056923746,1.20975086590156,-10.1460422664045,-5.4038188720704,13846.5782684751,102.4955969499
"10.1007/s00442-005-0210-5","study","dph",66.1901158319399,9.13284252332899,48.2897444862151,84.0904871776647,13846.5782684751,102.4955969499
"10.1007/s00442-005-0210-5","study","dt:dph",-5.35839351438913,3.6624530973277,-12.5368015851514,1.82001455637317,13846.5782684751,102.4955969499
"10.1007/s00442-015-3242-5","study","intrcpt",-4.19010065517496,4.01909256006145,-12.0675220728954,3.68732076254548,13840.3624181412,102.955225918682
"10.1007/s00442-015-3242-5","study","dt",-7.80176581914119,1.20510660445832,-10.1637747638795,-5.43975687440288,13840.3624181412,102.955225918682
"10.1007/s00442-015-3242-5","study","dph",66.3593088129547,9.124731292871,48.4748354789275,84.2437821469819,13840.3624181412,102.955225918682
"10.1007/s00442-015-3242-5","study","dt:dph",-5.43593902753681,3.65728932568847,-12.6042261058862,1.73234805081259,13840.3624181412,102.955225918682
"10.1007/s10126-018-9864-y","study","intrcpt",-3.99187946618568,4.00048576333245,-11.8328315623173,3.84907262994591,13812.0747343885,104.716560464737
"10.1007/s10126-018-9864-y","study","dt",-7.8694672565749,1.20305041571976,-10.2274460713856,-5.51148844176417,13812.0747343885,104.716560464737
"10.1007/s10126-018-9864-y","study","dph",67.5887078933054,9.1390580965918,49.6761540239855,85.5012617626253,13812.0747343885,104.716560464737
"10.1007/s10126-018-9864-y","study","dt:dph",-5.77463360393668,3.65801633969001,-12.9443456297291,1.39507842185575,13812.0747343885,104.716560464737
"10.1007/s13131-022-2037-x","study","intrcpt",-3.95183186266276,4.02370649092984,-11.8382965848853,3.93463285955973,13699.2098813452,103.13740719306
"10.1007/s13131-022-2037-x","study","dt",-7.83479177760768,1.20617710769689,-10.1988989086936,-5.47068464652178,13699.2098813452,103.13740719306
"10.1007/s13131-022-2037-x","study","dph",66.3804241290492,9.13895007366629,48.4680819846633,84.2927662734352,13699.2098813452,103.13740719306
"10.1007/s13131-022-2037-x","study","dt:dph",-5.44913345157219,3.66138664592544,-12.6254512775861,1.72718437444168,13699.2098813452,103.13740719306
"10.1016/j.chemgeo.2018.09.004","study","intrcpt",-3.95719812180093,4.04325628204955,-11.881980434618,3.96758419101619,13699.3183101892,101.994008710473
"10.1016/j.chemgeo.2018.09.004","study","dt",-7.81867019859694,1.21067241187423,-10.1915881258704,-5.44575227132345,13699.3183101892,101.994008710473
"10.1016/j.chemgeo.2018.09.004","study","dph",66.0538527969926,9.20075815114213,48.020366820754,84.0873387732312,13699.3183101892,101.994008710473
"10.1016/j.chemgeo.2018.09.004","study","dt:dph",-5.33724353458805,3.67872634376648,-12.5475471683704,1.87306009919426,13699.3183101892,101.994008710473
"10.1016/j.ecochg.2021.100016-LOC-A","study","intrcpt",-4.10192920085757,4.04091773527761,-12.0221279620017,3.81826956028654,13593.4056825029,101.981594676546
"10.1016/j.ecochg.2021.100016-LOC-A","study","dt",-7.80123926844764,1.21077971039911,-10.1743675008299,-5.42811103606538,13593.4056825029,101.981594676546
"10.1016/j.ecochg.2021.100016-LOC-A","study","dph",66.054712386193,9.18053138033181,48.0608708807426,84.0485538916433,13593.4056825029,101.981594676546
"10.1016/j.ecochg.2021.100016-LOC-A","study","dt:dph",-5.31890537996143,3.67681055282762,-12.5254540635036,1.8876433035807,13593.4056825029,101.981594676546
"10.1016/j.ecochg.2021.100016-LOC-B","study","intrcpt",-3.98742577999699,4.03563650637616,-11.8972733324943,3.92242177250028,13118.2054962617,102.366740826442
"10.1016/j.ecochg.2021.100016-LOC-B","study","dt",-7.81562310528113,1.20904265400506,-10.185346707131,-5.44589950343121,13118.2054962617,102.366740826442
"10.1016/j.ecochg.2021.100016-LOC-B","study","dph",65.9884907113412,9.16784494225164,48.0195146245279,83.9574667981544,13118.2054962617,102.366740826442
"10.1016/j.ecochg.2021.100016-LOC-B","study","dt:dph",-5.30281933057316,3.67154100500524,-12.4990397003834,1.89340103923711,13118.2054962617,102.366740826442
"10.1016/j.ecolind.2018.11.011","study","intrcpt",-3.88462541725539,4.01921418584867,-11.7622852215188,3.99303438700801,13730.2863744025,102.768243782575
"10.1016/j.ecolind.2018.11.011","study","dt",-7.75156852677941,1.21084502569954,-10.1248247771505,-5.37831227640832,13730.2863744025,102.768243782575
"10.1016/j.ecolind.2018.11.011","study","dph",66.4452888206194,9.13312623948437,48.54436139123,84.3462162500087,13730.2863744025,102.768243782575
"10.1016/j.ecolind.2018.11.011","study","dt:dph",-5.36524702786189,3.66347989351336,-12.5456676191481,1.81517356342431,13730.2863744025,102.768243782575
"10.1016/j.ecss.2009.03.038","study","intrcpt",-3.95816906042291,4.01957867031821,-11.8365432542466,3.92020513340078,13848.3759494274,103.327743190503
"10.1016/j.ecss.2009.03.038","study","dt",-7.83535073631827,1.20543861107017,-10.1980104140158,-5.47269105862073,13848.3759494274,103.327743190503
"10.1016/j.ecss.2009.03.038","study","dph",66.4700927789972,9.12727950617229,48.5806249468995,84.3595606110948,13848.3759494274,103.327743190503
"10.1016/j.ecss.2009.03.038","study","dt:dph",-5.47355009740859,3.65832333627358,-12.6438638365048,1.69676364168763,13848.3759494274,103.327743190503
"10.1016/j.envpol.2020.115344","study","intrcpt",-3.85554089146599,4.015171802053,-11.7252776234899,4.0141958405579,13845.6088715227,103.327834159541
"10.1016/j.envpol.2020.115344","study","dt",-7.840135166129,1.20476259063866,-10.2014698437808,-5.47880048847724,13845.6088715227,103.327834159541
"10.1016/j.envpol.2020.115344","study","dph",66.3302881152884,9.12553293085749,48.4442435708077,84.216332659769,13845.6088715227,103.327834159541
"10.1016/j.envpol.2020.115344","study","dt:dph",-5.43878511548281,3.65740559168822,-12.6073000751917,1.7297298442261,13845.6088715227,103.327834159541
"10.1016/j.gca.2010.05.023","study","intrcpt",-3.85811449978921,4.03429570251529,-11.7653340767192,4.04910507714075,13794.9855908664,102.823712899303
"10.1016/j.gca.2010.05.023","study","dt",-7.87491154666134,1.21064958649601,-10.2477847361935,-5.50203835712916,13794.9855908664,102.823712899303
"10.1016/j.gca.2010.05.023","study","dph",67.0802376501175,9.26722882534659,48.9164691524382,85.2440061477968,13794.9855908664,102.823712899303
"10.1016/j.gca.2010.05.023","study","dt:dph",-5.64069358508958,3.68695089310685,-12.867117335579,1.58573016539984,13794.9855908664,102.823712899303
"10.1016/j.gloplacha.2012.05.001","study","intrcpt",-4.12060552617348,4.02859853224718,-12.016658649378,3.775447597031,13554.9639344356,102.904600747007
"10.1016/j.gloplacha.2012.05.001","study","dt",-7.93638417348334,1.21941768342915,-10.3264428330045,-5.5463255139622,13554.9639344356,102.904600747007
"10.1016/j.gloplacha.2012.05.001","study","dph",66.4911395281191,9.16044925291505,48.5366589924056,84.4456200638326,13554.9639344356,102.904600747007
"10.1016/j.gloplacha.2012.05.001","study","dt:dph",-5.60199238220282,3.67549906077472,-12.8059705413213,1.60198577691563,13554.9639344356,102.904600747007
"10.1016/j.jembe.2010.10.026","study","intrcpt",-2.77653962002951,4.10673705158063,-10.8257442411275,5.27266500106853,13798.3520918656,107.399351740164
"10.1016/j.jembe.2010.10.026","study","dt",-8.50599495113504,1.23973875939979,-10.9358829195586,-6.07610698271145,13798.3520918656,107.399351740164
"10.1016/j.jembe.2010.10.026","study","dph",69.2816789138647,9.25612938392169,51.1396653213782,87.4236925063513,13798.3520918656,107.399351740164
"10.1016/j.jembe.2010.10.026","study","dt:dph",-6.73581978180797,3.70254693728425,-13.9928117788851,0.521172215269171,13798.3520918656,107.399351740164
"10.1016/j.jembe.2010.11.009","study","intrcpt",-4.23538378275066,4.03772838580307,-12.1493314189247,3.67856385342335,13830.4971583929,102.03155619542
"10.1016/j.jembe.2010.11.009","study","dt",-7.79523736579235,1.2075383668112,-10.1620125647423,-5.4284621668424,13830.4971583929,102.03155619542
"10.1016/j.jembe.2010.11.009","study","dph",66.0198526435555,9.14989092891422,48.0860664228836,83.9536388642273,13830.4971583929,102.03155619542
"10.1016/j.jembe.2010.11.009","study","dt:dph",-5.36920712697642,3.66397395256723,-12.5505960740082,1.81218182005534,13830.4971583929,102.03155619542
"10.1016/j.jembe.2013.12.013","study","intrcpt",-3.94933075765489,4.05707661014329,-11.9012009135357,4.00253939822597,13826.8866666397,102.151592579604
"10.1016/j.jembe.2013.12.013","study","dt",-7.91648351173606,1.21953024106512,-10.3067627842237,-5.52620423924843,13826.8866666397,102.151592579604
"10.1016/j.jembe.2013.12.013","study","dph",66.2396418525615,9.22588910516554,48.1568992064371,84.322384498686,13826.8866666397,102.151592579604
"10.1016/j.jembe.2013.12.013","study","dt:dph",-5.21316727644781,3.69746502198169,-12.4601987195319,2.03386416663629,13826.8866666397,102.151592579604
"10.1016/j.jembe.2016.09.008-LOC-A","study","intrcpt",-3.8423016704961,4.03762769805706,-11.7560519586879,4.07144861769573,13844.7229718017,103.291930212316
"10.1016/j.jembe.2016.09.008-LOC-A","study","dt",-7.85570742068188,1.20793425790868,-10.2232585661829,-5.48815627518087,13844.7229718017,103.291930212316
"10.1016/j.jembe.2016.09.008-LOC-A","study","dph",66.6058963149975,9.1430856997886,48.6854483434119,84.5263442865832,13844.7229718017,103.291930212316
"10.1016/j.jembe.2016.09.008-LOC-A","study","dt:dph",-5.51093759140108,3.66339984784219,-12.6912012931718,1.6693261103696,13844.7229718017,103.291930212316
"10.1016/j.jembe.2016.09.008-LOC-B","study","intrcpt",-4.16767352957913,4.03206337205062,-12.0705177387983,3.73517067964009,13838.6103417844,102.640540696795
"10.1016/j.jembe.2016.09.008-LOC-B","study","dt",-7.80292170200351,1.20704434025688,-10.168728608907,-5.43711479510002,13838.6103417844,102.640540696795
"10.1016/j.jembe.2016.09.008-LOC-B","study","dph",66.2840894465256,9.13754800065357,48.3744953652446,84.1936835278066,13838.6103417844,102.640540696795
"10.1016/j.jembe.2016.09.008-LOC-B","study","dt:dph",-5.41414853128944,3.66140481907835,-12.590501976683,1.76220491410412,13838.6103417844,102.640540696795
"10.1016/j.jembe.2016.09.008-LOC-C","study","intrcpt",-4.270740080809,4.03669526504627,-12.1826628002997,3.64118263868169,13831.9938692184,102.180343506852
"10.1016/j.jembe.2016.09.008-LOC-C","study","dt",-7.78365765668575,1.2082642569633,-10.1518556003338,-5.41545971303768,13831.9938692184,102.180343506852
"10.1016/j.jembe.2016.09.008-LOC-C","study","dph",66.178832226845,9.14678112283402,48.2511412260903,84.1065232275997,13831.9938692184,102.180343506852
"10.1016/j.jembe.2016.09.008-LOC-C","study","dt:dph",-5.37540232302222,3.66511848321278,-12.5590345501193,1.80822990407483,13831.9938692184,102.180343506852
"10.1016/j.jembe.2016.10.001","study","intrcpt",-4.09306501646774,4.02981044363513,-11.9914934859926,3.80536345305711,13833.3456619787,102.946073408203
"10.1016/j.jembe.2016.10.001","study","dt",-7.81998994453047,1.20730366392768,-10.1863051258287,-5.45367476323222,13833.3456619787,102.946073408203
"10.1016/j.jembe.2016.10.001","study","dph",66.475230481682,9.13943350747734,48.5619408070265,84.3885201563376,13833.3456619787,102.946073408203
"10.1016/j.jembe.2016.10.001","study","dt:dph",-5.46463833300188,3.66323566923936,-12.644580244711,1.71530357870726,13833.3456619787,102.946073408203
"10.1016/j.jembe.2016.10.002","study","intrcpt",-3.1713461121342,4.04751423587478,-11.1044740144488,4.76178179018037,13795.9935617399,107.556359259892
"10.1016/j.jembe.2016.10.002","study","dt",-8.07918569438561,1.20971172856728,-10.4502206823775,-5.70815070639374,13795.9935617399,107.556359259892
"10.1016/j.jembe.2016.10.002","study","dph",68.9552997666971,9.18220333567584,50.9581812287725,86.9524183046217,13795.9935617399,107.556359259892
"10.1016/j.jembe.2016.10.002","study","dt:dph",-5.99830100538894,3.66859569112285,-13.1887485599897,1.19214654921185,13795.9935617399,107.556359259892
"10.1016/j.jembe.2017.01.003-LOC-A","study","intrcpt",-3.81450757247767,4.0299013696105,-11.7131142569143,4.08409911195891,13847.4042098975,103.534507221405
"10.1016/j.jembe.2017.01.003-LOC-A","study","dt",-7.86282144317607,1.20699999728159,-10.228541437848,-5.49710144850415,13847.4042098975,103.534507221405
"10.1016/j.jembe.2017.01.003-LOC-A","study","dph",66.7046841400044,9.14296208018552,48.7844784628408,84.624889817168,13847.4042098975,103.534507221405
"10.1016/j.jembe.2017.01.003-LOC-A","study","dt:dph",-5.54028389724179,3.66245454776937,-12.7186948108697,1.63812701638618,13847.4042098975,103.534507221405
"10.1016/j.jembe.2017.01.003-LOC-B","study","intrcpt",-3.69154757789417,4.02451238336205,-11.5795918492838,4.19649669349545,13845.5185485931,103.894804049897
"10.1016/j.jembe.2017.01.003-LOC-B","study","dt",-7.87958964539716,1.20609387095861,-10.243533632476,-5.51564565831828,13845.5185485931,103.894804049897
"10.1016/j.jembe.2017.01.003-LOC-B","study","dph",66.8075777476464,9.136373229487,48.9002862178519,84.7148692774409,13845.5185485931,103.894804049897
"10.1016/j.jembe.2017.01.003-LOC-B","study","dt:dph",-5.57244472474274,3.66033314870858,-12.7466976962116,1.60180824672607,13845.5185485931,103.894804049897
"10.1016/j.jembe.2019.151225","study","intrcpt",-3.7093425038619,4.03062522555841,-11.6093679459564,4.1906829382326,13827.6373202878,103.25257558281
"10.1016/j.jembe.2019.151225","study","dt",-7.86398232309729,1.20771595585304,-10.2311055965692,-5.49685904962534,13827.6373202878,103.25257558281
"10.1016/j.jembe.2019.151225","study","dph",66.5273981571445,9.15013325501551,48.5931369773141,84.4616593369749,13827.6373202878,103.25257558281
"10.1016/j.jembe.2019.151225","study","dt:dph",-5.48606156135289,3.66515895485427,-12.6697731128673,1.69764999016149,13827.6373202878,103.25257558281
"10.1016/j.jembe.2020.151489","study","intrcpt",-3.79792632709694,3.98505462965309,-11.608633401217,4.01278074702311,13549.439033882,106.07502935075
"10.1016/j.jembe.2020.151489","study","dt",-7.86796666941793,1.18885412938201,-10.1981207630067,-5.53781257582919,13549.439033882,106.07502935075
"10.1016/j.jembe.2020.151489","study","dph",66.2425868861476,9.00051257757871,48.6015822340933,83.8835915382019,13549.439033882,106.07502935075
"10.1016/j.jembe.2020.151489","study","dt:dph",-5.50958255677707,3.60390152841387,-12.5732295524683,1.55406443891412,13549.439033882,106.07502935075
"10.1016/j.marenvres.2011.10.008","study","intrcpt",-3.99870227932367,4.01671168905655,-11.8714571898745,3.87405263122717,13847.8646892271,102.577470356575
"10.1016/j.marenvres.2011.10.008","study","dt",-7.81343137910731,1.20575928313881,-10.1767195740594,-5.45014318415524,13847.8646892271,102.577470356575
"10.1016/j.marenvres.2011.10.008","study","dph",66.0766648158666,9.14965675318688,48.1433375796203,84.0099920521128,13847.8646892271,102.577470356575
"10.1016/j.marenvres.2011.10.008","study","dt:dph",-5.36995165881819,3.66250441239059,-12.5484603071038,1.80855698946737,13847.8646892271,102.577470356575
"10.1016/j.marenvres.2013.10.010","study","intrcpt",-4.01280424226426,4.02608635409224,-11.903933496285,3.87832501175652,13848.0084852291,102.674977421236
"10.1016/j.marenvres.2013.10.010","study","dt",-7.81688123677548,1.20671812501336,-10.1820487618017,-5.4517137117493,13848.0084852291,102.674977421236
"10.1016/j.marenvres.2013.10.010","study","dph",66.1562268449711,9.1471634657114,48.2277864521767,84.0846672377654,13848.0084852291,102.674977421236
"10.1016/j.marenvres.2013.10.010","study","dt:dph",-5.38123569504868,3.66326437402753,-12.5612338681426,1.79876247804528,13848.0084852291,102.674977421236
"10.1016/j.marenvres.2015.05.004","study","intrcpt",-4.0669223397187,4.04289400068199,-11.9909945810554,3.85714990161801,13691.003970601,102.180592624142
"10.1016/j.marenvres.2015.05.004","study","dt",-7.89158158505092,1.21664693582684,-10.2762095792715,-5.50695359083031,13691.003970601,102.180592624142
"10.1016/j.marenvres.2015.05.004","study","dph",66.2869593013055,9.18209408492743,48.2900548948477,84.2838637077632,13691.003970601,102.180592624142
"10.1016/j.marenvres.2015.05.004","study","dt:dph",-5.37235814996337,3.68748050476549,-12.5998199393037,1.85510363937699,13691.003970601,102.180592624142
"10.1016/j.marenvres.2020.105107","study","intrcpt",-4.09951507023608,4.06335171410707,-12.0636844298859,3.86465428941378,13442.8770519338,100.808461767027
"10.1016/j.marenvres.2020.105107","study","dt",-7.76482600767269,1.2163307063832,-10.1488341921838,-5.38081782316162,13442.8770519338,100.808461767027
"10.1016/j.marenvres.2020.105107","study","dph",66.8130745474434,9.25370673661078,48.6758093436863,84.9503397512006,13442.8770519338,100.808461767027
"10.1016/j.marenvres.2020.105107","study","dt:dph",-5.46520230472617,3.68731155890243,-12.6923329601749,1.7619283507226,13442.8770519338,100.808461767027
"10.1016/j.marenvres.2023.106150","study","intrcpt",-4.0266101767761,4.02057598154314,-11.9069391006006,3.85371874704845,13822.6396190578,103.291775018352
"10.1016/j.marenvres.2023.106150","study","dt",-7.82987359533707,1.20557504873822,-10.192800690864,-5.46694649981016,13822.6396190578,103.291775018352
"10.1016/j.marenvres.2023.106150","study","dph",66.4961833472687,9.12980638467169,48.6017628333122,84.3906038612252,13822.6396190578,103.291775018352
"10.1016/j.marenvres.2023.106150","study","dt:dph",-5.47627838838608,3.6589652963268,-12.6478503691866,1.69529359241444,13822.6396190578,103.291775018352
"10.1016/j.marmicro.2023.102232","study","intrcpt",-4.15369747638384,4.02119600379659,-12.0352416438251,3.72784669105747,13841.3407823799,103.070992681436
"10.1016/j.marmicro.2023.102232","study","dt",-7.86097860605015,1.20757208530022,-10.2278198932386,-5.4941373188617,13841.3407823799,103.070992681436
"10.1016/j.marmicro.2023.102232","study","dph",66.3048340194237,9.13349654055266,48.4031807999405,84.2064872389069,13841.3407823799,103.070992681436
"10.1016/j.marmicro.2023.102232","study","dt:dph",-5.48304884877573,3.66073681041434,-12.6580929971878,1.69199529963637,13841.3407823799,103.070992681436
"10.1016/j.marpolbul.2014.09.037","study","intrcpt",-3.97821408450552,4.04710137673374,-11.9105327829036,3.95410461389261,13810.2990154168,101.444950366877
"10.1016/j.marpolbul.2014.09.037","study","dt",-7.80316758312338,1.21174727024004,-10.1781922327939,-5.4281429334529,13810.2990154168,101.444950366877
"10.1016/j.marpolbul.2014.09.037","study","dph",65.6648282332782,9.22130079923246,47.5910786667826,83.7385777997738,13810.2990154168,101.444950366877
"10.1016/j.marpolbul.2014.09.037","study","dt:dph",-5.20036389107321,3.68512764811972,-12.4232140813879,2.02248629924145,13810.2990154168,101.444950366877
"10.1016/j.marpolbul.2018.11.053","study","intrcpt",-3.91340075512158,4.02604218760089,-11.8044434428193,3.97764193257616,13843.3600424621,103.345099108873
"10.1016/j.marpolbul.2018.11.053","study","dt",-7.85096797194598,1.20630601197761,-10.2153277554221,-5.48660818846986,13843.3600424621,103.345099108873
"10.1016/j.marpolbul.2018.11.053","study","dph",66.4174171819482,9.13392227054294,48.514929531684,84.3199048322124,13843.3600424621,103.345099108873
"10.1016/j.marpolbul.2018.11.053","study","dt:dph",-5.45583803191337,3.659616764423,-12.6286868901824,1.71701082635571,13843.3600424621,103.345099108873
"10.1029/2020JG005726","study","intrcpt",-4.4577629758675,4.02411932696078,-12.3450368567106,3.42951090497563,13812.8943566462,98.9629479366988
"10.1029/2020JG005726","study","dt",-7.65797690544019,1.20598541664276,-10.02170832206,-5.29424548882038,13812.8943566462,98.9629479366988
"10.1029/2020JG005726","study","dph",63.7838191739423,9.19850182789516,45.7547555912678,81.8128827566168,13812.8943566462,98.9629479366988
"10.1029/2020JG005726","study","dt:dph",-4.73351401860781,3.66767113199519,-11.9221494373184,2.45512140010276,13812.8943566462,98.9629479366988
"10.1038/s41558-019-0486-9","study","intrcpt",-4.19170222804932,4.02814227304694,-12.0868610832213,3.70345662712269,13831.5116450015,102.398709145294
"10.1038/s41558-019-0486-9","study","dt",-7.79906497576387,1.20760398608309,-10.1659687884867,-5.43216116304101,13831.5116450015,102.398709145294
"10.1038/s41558-019-0486-9","study","dph",66.2782146391447,9.16193923983805,48.3208137290621,84.2356155492272,13831.5116450015,102.398709145294
"10.1038/s41558-019-0486-9","study","dt:dph",-5.40811082660602,3.66710891753884,-12.5956443049822,1.77942265177012,13831.5116450015,102.398709145294
"10.1038/s41598-019-40620-8","study","intrcpt",-4.16924304007516,4.02544858839407,-12.0591222733275,3.72063619317722,13763.1909391598,102.936871732645
"10.1038/s41598-019-40620-8","study","dt",-7.80863894713054,1.20643968529341,-10.1732607303056,-5.44401716395546,13763.1909391598,102.936871732645
"10.1038/s41598-019-40620-8","study","dph",66.4860247656577,9.13365784624987,48.584055387008,84.3879941443075,13763.1909391598,102.936871732645
"10.1038/s41598-019-40620-8","study","dt:dph",-5.46965658225754,3.66099638771147,-12.645209502172,1.70589633765694,13763.1909391598,102.936871732645
"10.1038/s41598-019-56313-1-LOC-A","study","intrcpt",-3.88141614354926,4.02188231385232,-11.7643054786998,4.00147319160128,13237.9588675841,103.427038256825
"10.1038/s41598-019-56313-1-LOC-A","study","dt",-7.842493668549,1.2045001529993,-10.2033139684276,-5.48167336867037,13237.9588675841,103.427038256825
"10.1038/s41598-019-56313-1-LOC-A","study","dph",66.3078715482332,9.12405826473487,48.4247173493528,84.1910257471135,13237.9588675841,103.427038256825
"10.1038/s41598-019-56313-1-LOC-A","study","dt:dph",-5.44131616192395,3.65540270252239,-12.6059054588678,1.72327313501993,13237.9588675841,103.427038256825
"10.1038/s41598-019-56313-1-LOC-B","study","intrcpt",-3.91112799155858,4.03254423250798,-11.8149146872742,3.99265870415707,13515.0478370204,102.729087495765
"10.1038/s41598-019-56313-1-LOC-B","study","dt",-7.83569283044386,1.20891829872462,-10.2051726959441,-5.46621296494362,13515.0478370204,102.729087495765
"10.1038/s41598-019-56313-1-LOC-B","study","dph",66.358002234666,9.15823640558087,48.4078588797275,84.3081455896045,13515.0478370204,102.729087495765
"10.1038/s41598-019-56313-1-LOC-B","study","dt:dph",-5.43051011893423,3.66981633214136,-12.6233501299313,1.76232989206283,13515.0478370204,102.729087495765
"10.1038/s41598-019-56313-1-LOC-C","study","intrcpt",-3.97916076955324,4.02376051060688,-11.8657313703427,3.90740983123624,13783.4278625101,103.515614948201
"10.1038/s41598-019-56313-1-LOC-C","study","dt",-7.83894392096098,1.20460734967562,-10.1999743263252,-5.47791351559676,13783.4278625101,103.515614948201
"10.1038/s41598-019-56313-1-LOC-C","study","dph",66.4472081205726,9.12359252622802,48.5649667691656,84.3294494719795,13783.4278625101,103.515614948201
"10.1038/s41598-019-56313-1-LOC-C","study","dt:dph",-5.4783674853075,3.65509513000155,-12.6423539401105,1.68561896949554,13783.4278625101,103.515614948201
"10.1038/s41598-019-56313-1-LOC-D","study","intrcpt",-3.90387760326292,4.02830066863184,-11.7993469137813,3.9915917072555,13654.7965313013,103.048787233614
"10.1038/s41598-019-56313-1-LOC-D","study","dt",-7.83880874760365,1.20696744282095,-10.2044649355327,-5.47315255967459,13654.7965313013,103.048787233614
"10.1038/s41598-019-56313-1-LOC-D","study","dph",66.3439593974942,9.14299414445098,48.4236908743703,84.2642279206181,13654.7965313013,103.048787233614
"10.1038/s41598-019-56313-1-LOC-D","study","dt:dph",-5.43789893482766,3.66333111314439,-12.6180279165907,1.74223004693534,13654.7965313013,103.048787233614
"10.1038/s41598-019-56313-1-LOC-E","study","intrcpt",-3.8998013860882,4.03497209076688,-11.8083466839913,4.00874391181488,13569.8778632824,102.5173131399
"10.1038/s41598-019-56313-1-LOC-E","study","dt",-7.83435677633847,1.21011268479488,-10.2061776385364,-5.46253591414052,13569.8778632824,102.5173131399
"10.1038/s41598-019-56313-1-LOC-E","study","dph",66.3438795572497,9.1678380954647,48.3749168901389,84.3128422243605,13569.8778632824,102.5173131399
"10.1038/s41598-019-56313-1-LOC-E","study","dt:dph",-5.41988346034274,3.67389835472002,-12.620724235594,1.78095731490849,13569.8778632824,102.5173131399
"10.1038/s41598-019-56313-1-LOC-F","study","intrcpt",-4.08709562886363,4.03042359438027,-11.986725873849,3.81253461612171,13791.2021619597,102.795260401101
"10.1038/s41598-019-56313-1-LOC-F","study","dt",-7.8232210261244,1.2089938239843,-10.1928489211336,-5.45359313111518,13791.2021619597,102.795260401101
"10.1038/s41598-019-56313-1-LOC-F","study","dph",66.617423169187,9.15949760979019,48.6648078539983,84.5700384843758,13791.2021619597,102.795260401101
"10.1038/s41598-019-56313-1-LOC-F","study","dt:dph",-5.49171409161528,3.67064076590617,-12.6861699927914,1.70274180956082,13791.2021619597,102.795260401101
"10.1038/s41598-022-06896-z","study","intrcpt",-3.91183078452473,4.05107028264496,-11.8519285385089,4.02826696945939,13845.1388760164,102.458159212017
"10.1038/s41598-022-06896-z","study","dt",-7.8233838047624,1.2137631195492,-10.2023595190788,-5.44440809044597,13845.1388760164,102.458159212017
"10.1038/s41598-022-06896-z","study","dph",66.6359854118463,9.1810773565242,48.6410737930589,84.6308970306338,13845.1388760164,102.458159212017
"10.1038/s41598-022-06896-z","study","dt:dph",-5.43882723101835,3.67720038088913,-12.646139977561,1.76848551552435,13845.1388760164,102.458159212017
"10.1038/s42003-022-04353-1","study","intrcpt",-3.80371340874224,3.9485907817764,-11.542951341024,3.9355245235395,13327.262575136,101.75648884479
"10.1038/s42003-022-04353-1","study","dt",-7.42734178908784,1.18551994150548,-9.75096087443857,-5.10372270373711,13327.262575136,101.75648884479
"10.1038/s42003-022-04353-1","study","dph",66.8067479507802,8.98320558605913,49.1996650021043,84.4138308994561,13327.262575136,101.75648884479
"10.1038/s42003-022-04353-1","study","dt:dph",-5.6700660020057,3.59669174403133,-12.7195818203071,1.37944981629571,13327.262575136,101.75648884479
"10.1038/s43247-024-01672-5-LOC-A","study","intrcpt",-4.18221562053828,4.03299249529081,-12.0868809113083,3.7224496702317,13835.3294200386,102.680871162928
"10.1038/s43247-024-01672-5-LOC-A","study","dt",-7.80286275350734,1.20707790698353,-10.1687354511951,-5.43699005581962,13835.3294200386,102.680871162928
"10.1038/s43247-024-01672-5-LOC-A","study","dph",66.315162006374,9.13607459354951,48.4084558030169,84.221868209731,13835.3294200386,102.680871162928
"10.1038/s43247-024-01672-5-LOC-A","study","dt:dph",-5.42193753309913,3.66128079492061,-12.5980478911435,1.75417282494527,13835.3294200386,102.680871162928
"10.1038/s43247-024-01672-5-LOC-B","study","intrcpt",-4.16288278344848,4.03328299413904,-12.068117451961,3.74235188506404,13838.7419068282,102.670155713352
"10.1038/s43247-024-01672-5-LOC-B","study","dt",-7.80536498056568,1.2073717422509,-10.1718135953774,-5.43891636575392,13838.7419068282,102.670155713352
"10.1038/s43247-024-01672-5-LOC-B","study","dph",66.3292130544678,9.13849731290457,48.4177583211748,84.2406677877607,13838.7419068282,102.670155713352
"10.1038/s43247-024-01672-5-LOC-B","study","dt:dph",-5.4246712964888,3.66232625997052,-12.602830766031,1.75348817305342,13838.7419068282,102.670155713352
"10.1038/srep19030","study","intrcpt",-3.45265439787074,4.0185551107826,-11.3290224150046,4.42371361926315,13120.7332108916,104.439625841017
"10.1038/srep19030","study","dt",-7.88047026347907,1.20497434297226,-10.2422199757047,-5.51872055125344,13120.7332108916,104.439625841017
"10.1038/srep19030","study","dph",67.0476775829794,9.12648818815251,49.1597607342005,84.9355944317583,13120.7332108916,104.439625841017
"10.1038/srep19030","study","dt:dph",-5.57664690774716,3.65432132096995,-12.7391166968483,1.58582288135394,13120.7332108916,104.439625841017
"10.1038/srep29613","study","intrcpt",-3.86956617435535,4.02119341468076,-11.7511052671296,4.01197291841895,13371.3156670527,101.774129618517
"10.1038/srep29613","study","dt",-7.73557598661681,1.21035021913581,-10.107862416123,-5.36328955711063,13371.3156670527,101.774129618517
"10.1038/srep29613","study","dph",66.5101634454197,9.13308740271748,48.6093121360934,84.4110147547459,13371.3156670527,101.774129618517
"10.1038/srep29613","study","dt:dph",-5.50071313221539,3.66368521505287,-12.681536153719,1.68010988928824,13371.3156670527,101.774129618517
"10.1038/srep40288","study","intrcpt",-3.99402045977491,4.02839012748154,-11.8896651096387,3.90162419008892,13309.5141279244,102.735338655226
"10.1038/srep40288","study","dt",-7.83721586181415,1.20961066691824,-10.2080527689739,-5.4663789546544,13309.5141279244,102.735338655226
"10.1038/srep40288","study","dph",66.6573944937546,9.1873419559147,48.6502042601618,84.6645847273474,13309.5141279244,102.735338655226
"10.1038/srep40288","study","dt:dph",-5.50581257259006,3.6762368883924,-12.7112368738392,1.69961172865904,13309.5141279244,102.735338655226
"10.1073/pnas.0804478105","study","intrcpt",-4.6984386554607,4.02030549587164,-12.5782374273691,3.18136011644772,13721.630392561,100.439260160297
"10.1073/pnas.0804478105","study","dt",-7.66494005374269,1.19900059497726,-10.0149812198981,-5.31489888758726,13721.630392561,100.439260160297
"10.1073/pnas.0804478105","study","dph",63.9897649195319,9.12852697830736,46.0978520420495,81.8816777970143,13721.630392561,100.439260160297
"10.1073/pnas.0804478105","study","dt:dph",-4.83912134543355,3.63984226854735,-11.9732121917864,2.29496950091926,13721.630392561,100.439260160297
"10.1073/pnas.1007273107","study","intrcpt",-3.86818737129645,4.0205675412761,-11.7484997521976,4.01212500960471,13848.1825601856,103.486805393608
"10.1073/pnas.1007273107","study","dt",-7.84849343602628,1.20558362314523,-10.2114373373909,-5.48554953466163,13848.1825601856,103.486805393608
"10.1073/pnas.1007273107","study","dph",66.5480354412127,9.12846843296876,48.656237312594,84.4398335698315,13848.1825601856,103.486805393608
"10.1073/pnas.1007273107","study","dt:dph",-5.49698124641242,3.65862955728485,-12.6678951786907,1.67393268586587,13848.1825601856,103.486805393608
"10.1073/pnas.1502283112","study","intrcpt",-3.2236188265207,3.92893523672526,-10.9243318905022,4.47709423746081,13679.6660571134,111.449861698473
"10.1073/pnas.1502283112","study","dt",-8.72300667745088,1.21171128487,-11.0979607957961,-6.34805255910569,13679.6660571134,111.449861698473
"10.1073/pnas.1502283112","study","dph",69.1867660786373,9.08619781479132,51.3778183616463,86.9957137956283,13679.6660571134,111.449861698473
"10.1073/pnas.1502283112","study","dt:dph",-7.05308264974526,3.65372518448128,-14.2143840113286,0.108218711838056,13679.6660571134,111.449861698473
"10.1093/icesjms/fsaa015","study","intrcpt",-3.74238054398667,4.0138317434066,-11.6094907610636,4.12472967309027,13836.2394096947,103.287228502848
"10.1093/icesjms/fsaa015","study","dt",-7.84652889351239,1.20491060162772,-10.2081536727027,-5.48490411432206,13836.2394096947,103.287228502848
"10.1093/icesjms/fsaa015","study","dph",66.2218837626629,9.13617980999864,48.3149713350656,84.1287961902602,13836.2394096947,103.287228502848
"10.1093/icesjms/fsaa015","study","dt:dph",-5.39358145220287,3.66042807482982,-12.5680204788693,1.78085757446358,13836.2394096947,103.287228502848
"10.1093/icesjms/fsv162","study","intrcpt",-3.9127350647483,4.0153952219217,-11.7829096997148,3.95743957021824,13847.1144230599,103.435573351766
"10.1093/icesjms/fsv162","study","dt",-7.8402213901297,1.20495233306735,-10.2019279629417,-5.4785148173177,13847.1144230599,103.435573351766
"10.1093/icesjms/fsv162","study","dph",66.4841693064296,9.12545156649543,48.5982842360986,84.3700543767607,13847.1144230599,103.435573351766
"10.1093/icesjms/fsv162","study","dt:dph",-5.47801506496593,3.65754894081588,-12.6468109889651,1.69078085903319,13847.1144230599,103.435573351766
"10.1093/icesjms/fsv213","study","intrcpt",-3.93324596608488,4.02381947233194,-11.8199321318555,3.95344019968572,13848.3863621238,103.337686232112
"10.1093/icesjms/fsv213","study","dt",-7.84000175218742,1.20589361639567,-10.2035532403229,-5.47645026405191,13848.3863621238,103.337686232112
"10.1093/icesjms/fsv213","study","dph",66.5180351874116,9.13102724076748,48.6212217955074,84.4148485793159,13848.3863621238,103.337686232112
"10.1093/icesjms/fsv213","study","dt:dph",-5.48757828370334,3.65923477874408,-12.6596784500417,1.68452188263507,13848.3863621238,103.337686232112
"10.1093/icesjms/fsw026","study","intrcpt",-3.87230948476329,4.04144069906749,-11.7935332549356,4.048914285409,13823.8021050844,103.319167386271
"10.1093/icesjms/fsw026","study","dt",-7.85184799598482,1.20784641189018,-10.2192269632896,-5.48446902868007,13823.8021050844,103.319167386271
"10.1093/icesjms/fsw026","study","dph",66.7413139178487,9.15391660066291,48.7996373805494,84.682990455148,13823.8021050844,103.319167386271
"10.1093/icesjms/fsw026","study","dt:dph",-5.53952725267292,3.66439720689273,-12.7217457781827,1.64269127283683,13823.8021050844,103.319167386271
"10.1098/rsos.170683","study","intrcpt",-4.23128184181505,4.02195711778963,-12.1143177926827,3.65175410905263,13826.74616954,102.840990904614
"10.1098/rsos.170683","study","dt",-7.79690700807488,1.20576939922759,-10.1602150305609,-5.43359898558881,13826.74616954,102.840990904614
"10.1098/rsos.170683","study","dph",66.3904358133869,9.12930470531923,48.4969985909612,84.2838730358126,13826.74616954,102.840990904614
"10.1098/rsos.170683","study","dt:dph",-5.43911477239754,3.65934119467823,-12.6114235139669,1.73319396917179,13826.74616954,102.840990904614
"10.1098/rspb.2014.1339-LOC-A","study","intrcpt",-3.97243343057183,4.03732028454055,-11.8855811882713,3.94071432712765,13846.796371459,102.865498869634
"10.1098/rspb.2014.1339-LOC-A","study","dt",-7.83326826979572,1.20841559843368,-10.2017628427257,-5.4647736968657,13846.796371459,102.865498869634
"10.1098/rspb.2014.1339-LOC-A","study","dph",66.4406149818318,9.14864002477304,48.5092805332767,84.371949430387,13846.796371459,102.865498869634
"10.1098/rspb.2014.1339-LOC-A","study","dt:dph",-5.45874623335258,3.66557947153391,-12.643281997559,1.72578953085388,13846.796371459,102.865498869634
"10.1098/rspb.2014.1339-LOC-B","study","intrcpt",-4.10243766027892,4.04075166026684,-12.0223109144019,3.81743559384408,13839.7365090443,102.566496522153
"10.1098/rspb.2014.1339-LOC-B","study","dt",-7.81587537512402,1.20916396093275,-10.1858367385522,-5.44591401169584,13839.7365090443,102.566496522153
"10.1098/rspb.2014.1339-LOC-B","study","dph",66.4279378616538,9.15487958793348,48.4843738693041,84.3715018540034,13839.7365090443,102.566496522153
"10.1098/rspb.2014.1339-LOC-B","study","dt:dph",-5.44777551968372,3.66769350817685,-12.6364547957103,1.7409037563429,13839.7365090443,102.566496522153
"10.1098/rspb.2015.1887","study","intrcpt",-3.95688808538915,4.02142501132576,-11.8388811075876,3.92510493680933,13848.0057574336,103.294091967515
"10.1098/rspb.2015.1887","study","dt",-7.83486955765594,1.20539877583487,-10.1974511582923,-5.4722879570196,13848.0057574336,103.294091967515
"10.1098/rspb.2015.1887","study","dph",66.509944338276,9.13337168273123,48.6085358401228,84.4113528364292,13848.0057574336,103.294091967515
"10.1098/rspb.2015.1887","study","dt:dph",-5.48253947031636,3.65903647411976,-12.6542509595911,1.68917201895837,13848.0057574336,103.294091967515
"10.1098/rspb.2017.0778","study","intrcpt",-3.97385033168152,4.01209770642808,-11.8375618362806,3.88986117291752,13846.9401822262,103.33279068344
"10.1098/rspb.2017.0778","study","dt",-7.82993474446159,1.20457131842166,-10.1908945285681,-5.46897496035513,13846.9401822262,103.33279068344
"10.1098/rspb.2017.0778","study","dph",66.4305716155552,9.12337644932199,48.5487537748841,84.3123894562263,13846.9401822262,103.33279068344
"10.1098/rspb.2017.0778","study","dt:dph",-5.46229858072635,3.65685451416076,-12.6297334284814,1.70513626702874,13846.9401822262,103.33279068344
"10.1098/rspb.2018.1168-LOC-A","study","intrcpt",-4.16198758546161,4.02513278178731,-12.0512478377647,3.72727266684151,13832.4553761218,102.981273550918
"10.1098/rspb.2018.1168-LOC-A","study","dt",-7.81189718713357,1.20664598105748,-10.1769233100062,-5.44687106426091,13832.4553761218,102.981273550918
"10.1098/rspb.2018.1168-LOC-A","study","dph",66.5268967734274,9.13690123302741,48.6185703566937,84.4352231901611,13832.4553761218,102.981273550918
"10.1098/rspb.2018.1168-LOC-A","study","dt:dph",-5.47575265897463,3.66222796074717,-12.6537194620391,1.70221414408983,13832.4553761218,102.981273550918
"10.1098/rspb.2018.1168-LOC-B","study","intrcpt",-4.21117058782127,4.01906426179906,-12.0885365409474,3.66619536530489,13810.0237274341,103.30171972992
"10.1098/rspb.2018.1168-LOC-B","study","dt",-7.80857913282914,1.20442900172995,-10.1692599762198,-5.44789828943844,13810.0237274341,103.30171972992
"10.1098/rspb.2018.1168-LOC-B","study","dph",66.5549118512678,9.12035458031837,48.6790168738438,84.4308068286918,13810.0237274341,103.30171972992
"10.1098/rspb.2018.1168-LOC-B","study","dt:dph",-5.49173453138528,3.6553367060226,-12.6561944751896,1.67272541241901,13810.0237274341,103.30171972992
"10.1098/rspb.2019.0614","study","intrcpt",-4.81822170408156,4.00356889893534,-12.6652167459948,3.02877333783171,13537.340454854,96.325386700617
"10.1098/rspb.2019.0614","study","dt",-7.1918435162784,1.20002339623251,-9.54388937289411,-4.83979765966268,13537.340454854,96.325386700617
"10.1098/rspb.2019.0614","study","dph",64.8898982144518,9.05821326547799,47.1358002141149,82.6439962147887,13537.340454854,96.325386700617
"10.1098/rspb.2019.0614","study","dt:dph",-5.0122642746295,3.61984650193761,-12.1071634184272,2.08263486916821,13537.340454854,96.325386700617
"10.1098/rspb.2021.0923","study","intrcpt",-3.95330840389573,4.02826823263535,-11.848714139861,3.94209733206957,13836.6391600911,102.06472997982
"10.1098/rspb.2021.0923","study","dt",-7.85233312691774,1.21095534870832,-10.2258056103861,-5.47886064344943,13836.6391600911,102.06472997982
"10.1098/rspb.2021.0923","study","dph",66.5248071859483,9.13917927840056,48.6120158002832,84.4375985716134,13836.6391600911,102.06472997982
"10.1098/rspb.2021.0923","study","dt:dph",-5.62999314915948,3.67191068323535,-12.8269380883008,1.5669517899818,13836.6391600911,102.06472997982
"10.1111/gcb.12658-LOC-A","study","intrcpt",-3.79047129871273,4.03510657353693,-11.6992801828451,4.11833758541966,13845.8188349907,103.49660028291
"10.1111/gcb.12658-LOC-A","study","dt",-7.85189740722415,1.20641285020785,-10.2164665936315,-5.48732822081677,13845.8188349907,103.49660028291
"10.1111/gcb.12658-LOC-A","study","dph",66.7540684765135,9.14800212021063,48.8239843209007,84.6841526321264,13845.8188349907,103.49660028291
"10.1111/gcb.12658-LOC-A","study","dt:dph",-5.53807182420327,3.66209340606548,-12.7157749000916,1.63963125168507,13845.8188349907,103.49660028291
"10.1111/gcb.12658-LOC-B","study","intrcpt",-3.90249232952785,4.01331896654605,-11.7685975039581,3.96361284490241,13847.083195966,103.560669348406
"10.1111/gcb.12658-LOC-B","study","dt",-7.83909207134494,1.20462298247417,-10.2001531169943,-5.47803102569558,13847.083195966,103.560669348406
"10.1111/gcb.12658-LOC-B","study","dph",66.5905751253122,9.12489066951263,48.7057894130675,84.475360837557,13847.083195966,103.560669348406
"10.1111/gcb.12658-LOC-B","study","dt:dph",-5.50147005726515,3.65709363783627,-12.6693735874242,1.66643347289393,13847.083195966,103.560669348406
"10.1111/gcb.13481-LOC-A","study","intrcpt",-4.02913117549573,4.02169992697244,-11.9116630323617,3.85340068137026,13846.4594011013,103.217305213952
"10.1111/gcb.13481-LOC-A","study","dt",-7.83481589205592,1.20597593033564,-10.1985287155138,-5.47110306859806,13846.4594011013,103.217305213952
"10.1111/gcb.13481-LOC-A","study","dph",66.5308545808501,9.13330811831713,48.6295706689486,84.4321384927517,13846.4594011013,103.217305213952
"10.1111/gcb.13481-LOC-A","study","dt:dph",-5.50347133731929,3.66006180298362,-12.6771924711672,1.67024979652859,13846.4594011013,103.217305213952
"10.1111/gcb.13481-LOC-B","study","intrcpt",-4.23673471367309,4.04256175334129,-12.160155750222,3.68668632287583,13715.61203996,100.545574584466
"10.1111/gcb.13481-LOC-B","study","dt",-7.91309420337546,1.22081397112604,-10.3058895867825,-5.52029881996841,13715.61203996,100.545574584466
"10.1111/gcb.13481-LOC-B","study","dph",65.5066075215477,9.19947157029269,47.475643243774,83.5375717993214,13715.61203996,100.545574584466
"10.1111/gcb.13481-LOC-B","study","dt:dph",-5.21181953217789,3.71650517118748,-12.4961696677053,2.07253060334958,13715.61203996,100.545574584466
"10.1111/gcb.13481-LOC-C","study","intrcpt",-3.96110521255725,4.01740778494003,-11.8352244710397,3.91301404592521,13785.9415689261,100.278385538212
"10.1111/gcb.13481-LOC-C","study","dt",-7.6364685253735,1.20721668882327,-10.0026132354671,-5.27032381527989,13785.9415689261,100.278385538212
"10.1111/gcb.13481-LOC-C","study","dph",67.056652187321,9.11650430319322,49.1883037530622,84.9250006215797,13785.9415689261,100.278385538212
"10.1111/gcb.13481-LOC-C","study","dt:dph",-5.80350952310626,3.67128413951563,-12.9992264365569,1.39220739034438,13785.9415689261,100.278385538212
"10.1111/gcb.13481-LOC-D","study","intrcpt",-4.45047666110788,3.96711925227089,-12.2260303955588,3.32507707334305,13767.0312449632,107.001420563327
"10.1111/gcb.13481-LOC-D","study","dt",-8.00246822950165,1.20109723050084,-10.3566188012833,-5.64831765772,13767.0312449632,107.001420563327
"10.1111/gcb.13481-LOC-D","study","dph",65.9730351068683,9.11039655716223,48.1166578548303,83.8294123589062,13767.0312449632,107.001420563327
"10.1111/gcb.13481-LOC-D","study","dt:dph",-4.90994100260776,3.66252071344745,-12.0884816009648,2.26859959574925,13767.0312449632,107.001420563327
"10.1111/gcb.13673","study","intrcpt",-4.43749602618082,3.98650694729863,-12.2510496428861,3.37605759052448,13816.6272670213,103.26762599657
"10.1111/gcb.13673","study","dt",-7.76422861698482,1.20112588063194,-10.1184353430234,-5.41002189094622,13816.6272670213,103.26762599657
"10.1111/gcb.13673","study","dph",66.7785457131473,9.11211059863132,48.9188089398299,84.6382824864647,13816.6272670213,103.26762599657
"10.1111/gcb.13673","study","dt:dph",-5.52459550929317,3.65304379409421,-12.6845613457178,1.63537032713148,13816.6272670213,103.26762599657
"10.1111/gcb.14379","study","intrcpt",-4.00310433847307,4.04349486056956,-11.9283542651894,3.92214558824326,13832.3659044647,102.704852276931
"10.1111/gcb.14379","study","dt",-7.83537361605435,1.21021093240218,-10.2073870435626,-5.46336018854608,13832.3659044647,102.704852276931
"10.1111/gcb.14379","study","dph",66.6156527812688,9.16846215877133,48.645466950077,84.5858386124606,13832.3659044647,102.704852276931
"10.1111/gcb.14379","study","dt:dph",-5.50180051313313,3.67107891939513,-12.6971151951476,1.69351416888132,13832.3659044647,102.704852276931
"10.1111/gcb.14422","study","intrcpt",-2.29920577477309,4.16281871499344,-10.4583304561602,5.85991890661406,13658.0336776174,104.188424673175
"10.1111/gcb.14422","study","dt",-8.0879992045615,1.23994538038759,-10.5182921501212,-5.65770625900182,13658.0336776174,104.188424673175
"10.1111/gcb.14422","study","dph",72.8835145440335,9.81214532173638,53.6517097134302,92.1153193746368,13658.0336776174,104.188424673175
"10.1111/gcb.14422","study","dt:dph",-5.78982079646184,3.92127481041379,-13.4755194248729,1.89587783194919,13658.0336776174,104.188424673175
"10.1111/gcb.14998","study","intrcpt",-3.88543725389877,4.03812487873397,-11.8001620162174,4.02928750841981,13607.5943708288,103.255613653663
"10.1111/gcb.14998","study","dt",-7.87328880223953,1.21312873706363,-10.2510211268842,-5.49555647759481,13607.5943708288,103.255613653663
"10.1111/gcb.14998","study","dph",66.5752091294124,9.14624815706159,48.6485627415717,84.5018555172531,13607.5943708288,103.255613653663
"10.1111/gcb.14998","study","dt:dph",-5.43328220694229,3.6669347956558,-12.6204744064277,1.75390999254308,13607.5943708288,103.255613653663
"10.1111/j.1365-2486.2011.02404.x","study","intrcpt",-3.9637275822499,4.01793997020051,-11.8388899238429,3.9114347593431,13848.3966070079,103.323713759176
"10.1111/j.1365-2486.2011.02404.x","study","dt",-7.8340650515102,1.20528204275224,-10.1964178553046,-5.47171224771581,13848.3966070079,103.323713759176
"10.1111/j.1365-2486.2011.02404.x","study","dph",66.4743723746909,9.12726609544296,48.5849308276227,84.3638139217591,13848.3966070079,103.323713759176
"10.1111/j.1365-2486.2011.02404.x","study","dt:dph",-5.47438703827019,3.6581208340925,-12.6443038730915,1.69552979655112,13848.3966070079,103.323713759176
"10.1111/jpy.13158","study","intrcpt",-4.51854500323501,4.01396680537423,-12.3859199417685,3.34882993529847,13732.4795401942,101.749027374499
"10.1111/jpy.13158","study","dt",-7.79642414599025,1.21379890236518,-10.175469994626,-5.41737829735449,13732.4795401942,101.749027374499
"10.1111/jpy.13158","study","dph",65.7229959257448,9.13487331762381,47.8186442232021,83.6273476282875,13732.4795401942,101.749027374499
"10.1111/jpy.13158","study","dt:dph",-5.32521565724303,3.6643329986067,-12.5073083345122,1.85687702002609,13732.4795401942,101.749027374499
"10.1111/jpy.13290","study","intrcpt",-3.90398248399039,4.02625906855552,-11.7954502583592,3.98748529037842,13651.4985285721,104.83610306054
"10.1111/jpy.13290","study","dt",-7.94473693091236,1.20355010196303,-10.3036951307599,-5.58577873106481,13651.4985285721,104.83610306054
"10.1111/jpy.13290","study","dph",66.2303184312894,9.1071294268851,48.3803447545946,84.0802921079842,13651.4985285721,104.83610306054
"10.1111/jpy.13290","study","dt:dph",-5.33921137291497,3.64608849175913,-12.4855448167629,1.80712207093293,13651.4985285721,104.83610306054
"10.1111/maec.12444","study","intrcpt",-4.13979487732773,4.08209009426262,-12.1406914620825,3.861101707427,13707.7264055557,99.9246015741902
"10.1111/maec.12444","study","dt",-7.80228590586115,1.22409944159495,-10.2015208113873,-5.40305100033504,13707.7264055557,99.9246015741902
"10.1111/maec.12444","study","dph",66.4837790632266,9.31868915471816,48.219148319979,84.7484098064742,13707.7264055557,99.9246015741902
"10.1111/maec.12444","study","dt:dph",-5.37361266058284,3.72044389395091,-12.6656826927266,1.91845737156095,13707.7264055557,99.9246015741902
"10.1126/sciadv.aba9958","study","intrcpt",-3.74548793972631,4.01468639373183,-11.6142732714407,4.12329739198808,13791.3917160204,104.351328413998
"10.1126/sciadv.aba9958","study","dt",-7.79496752869162,1.20360984650559,-10.1540428278426,-5.43589222954066,13791.3917160204,104.351328413998
"10.1126/sciadv.aba9958","study","dph",68.0468711145959,9.1171533158187,50.1772506155913,85.9164916136006,13791.3917160204,104.351328413998
"10.1126/sciadv.aba9958","study","dt:dph",-5.92115610666622,3.6529128819653,-13.0808653553182,1.23855314198577,13791.3917160204,104.351328413998
"10.1186/s40168-023-01653-4","study","intrcpt",-3.97564986821471,4.01727751851983,-11.8495138045136,3.89821406808415,13846.241976603,103.229617486628
"10.1186/s40168-023-01653-4","study","dt",-7.8634826426666,1.21401267987571,-10.242947495223,-5.48401779011021,13846.241976603,103.229617486628
"10.1186/s40168-023-01653-4","study","dph",66.5368752535855,9.13450217272944,48.6332509950359,84.4404995121352,13846.241976603,103.229617486628
"10.1186/s40168-023-01653-4","study","dt:dph",-5.52079826565197,3.66588091102079,-12.7059248512527,1.66432831994877,13846.241976603,103.229617486628
"10.1242/jeb.152488","study","intrcpt",-4.23076035789486,4.02103318481672,-12.1119854001356,3.65046468434591,13817.4543453256,102.922365382154
"10.1242/jeb.152488","study","dt",-7.79940424197757,1.20565040302328,-10.1624790319032,-5.43632945205195,13817.4543453256,102.922365382154
"10.1242/jeb.152488","study","dph",66.4192112373894,9.12911746293778,48.5261410100314,84.3122814647475,13817.4543453256,102.922365382154
"10.1242/jeb.152488","study","dt:dph",-5.44306726472509,3.65935632740222,-12.6154056664334,1.72927113698325,13817.4543453256,102.922365382154
"10.1242/jeb.217000","study","intrcpt",-3.70521338399591,4.01509898273682,-11.5748073901601,4.16438062216825,13743.7947972072,103.008240190821
"10.1242/jeb.217000","study","dt",-7.75434011175959,1.20487337804643,-10.1158919327306,-5.39278829078859,13743.7947972072,103.008240190821
"10.1242/jeb.217000","study","dph",66.9427204489676,9.1253548108112,49.0570250197777,84.8284158781576,13743.7947972072,103.008240190821
"10.1242/jeb.217000","study","dt:dph",-5.56529323100704,3.65799953675119,-12.7349723230394,1.60438586102531,13743.7947972072,103.008240190821
"10.1371/journal.pone.0034659","study","intrcpt",-3.99860309863818,4.01678245037837,-11.8714967013798,3.87429050410343,13848.2099542691,103.3213365348
"10.1371/journal.pone.0034659","study","dt",-7.83071370157947,1.20516347853989,-10.1928341195176,-5.4685932836413,13848.2099542691,103.3213365348
"10.1371/journal.pone.0034659","study","dph",66.4915032446856,9.1272265167761,48.6021392718044,84.3808672175667,13848.2099542691,103.3213365348
"10.1371/journal.pone.0034659","study","dt:dph",-5.47792178719149,3.65808024237811,-12.6477590622526,1.6919154878696,13848.2099542691,103.3213365348
"10.1371/journal.pone.0075049","study","intrcpt",-4.21034703662692,4.02873063795105,-12.106659087011,3.68596501375714,13837.7600751284,102.996084459879
"10.1371/journal.pone.0075049","study","dt",-7.8666244332077,1.20881530560134,-10.2359024321863,-5.49734643422908,13837.7600751284,102.996084459879
"10.1371/journal.pone.0075049","study","dph",66.3221553671825,9.14495981039855,48.3980341388013,84.2462765955636,13837.7600751284,102.996084459879
"10.1371/journal.pone.0075049","study","dt:dph",-5.43893758700559,3.66575044681088,-12.6238084627549,1.74593328874374,13837.7600751284,102.996084459879
"10.1371/journal.pone.0087678","study","intrcpt",-3.56670801104955,4.02810017303088,-11.4617843501901,4.32836832809098,13799.3220422241,104.150695767291
"10.1371/journal.pone.0087678","study","dt",-7.89591558659888,1.20601748668471,-10.2597098605009,-5.53212131269685,13799.3220422241,104.150695767291
"10.1371/journal.pone.0087678","study","dph",66.904079919825,9.13088334067272,49.0075485721064,84.8006112675435,13799.3220422241,104.150695767291
"10.1371/journal.pone.0087678","study","dt:dph",-5.6040575456473,3.65836299072153,-12.7744490074615,1.56633391616689,13799.3220422241,104.150695767291
"10.1371/journal.pone.0122898","study","intrcpt",-3.99729424722014,4.01262109511678,-11.862031593649,3.86744309920875,13848.3385812969,103.338481653603
"10.1371/journal.pone.0122898","study","dt",-7.82854885824087,1.20463683019997,-10.1896370454328,-5.46746067104892,13848.3385812969,103.338481653603
"10.1371/journal.pone.0122898","study","dph",66.46077955708,9.12362284163361,48.5784787874782,84.3430803266819,13848.3385812969,103.338481653603
"10.1371/journal.pone.0122898","study","dt:dph",-5.46971068518156,3.65696237929277,-12.6373569485954,1.69793557823227,13848.3385812969,103.338481653603
"10.1371/journal.pone.0123394","study","intrcpt",-4.1137364975048,4.02059226119908,-11.994097329455,3.7666243344454,13843.9887337077,103.308273452419
"10.1371/journal.pone.0123394","study","dt",-7.87156249350607,1.20780342808951,-10.2388572125615,-5.50426777445063,13843.9887337077,103.308273452419
"10.1371/journal.pone.0123394","study","dph",66.4276611369444,9.13067109247002,48.5315457957032,84.3237764781857,13843.9887337077,103.308273452419
"10.1371/journal.pone.0123394","study","dt:dph",-5.48515653577739,3.66218137943585,-12.6630320394717,1.69271896791689,13843.9887337077,103.308273452419
"10.1371/journal.pone.0139223","study","intrcpt",-3.83212547912712,4.02388574518637,-11.7189415396924,4.05469058143817,13843.5098232463,101.251007927404
"10.1371/journal.pone.0139223","study","dt",-7.81423282234929,1.20591510974572,-10.1778264374509,-5.45063920724768,13843.5098232463,101.251007927404
"10.1371/journal.pone.0139223","study","dph",66.7286091467843,9.13512292379808,48.82376821614,84.6334500774285,13843.5098232463,101.251007927404
"10.1371/journal.pone.0139223","study","dt:dph",-5.80623459761774,3.66558003316586,-12.9907714626228,1.37830226738734,13843.5098232463,101.251007927404
"10.1371/journal.pone.0189122","study","intrcpt",-4.16162171573468,4.00875636473722,-12.0187841906196,3.69554075915026,13740.153377768,105.436973878243
"10.1371/journal.pone.0189122","study","dt",-7.95775915469009,1.20022396017713,-10.3101981166373,-5.6053201927429,13740.153377768,105.436973878243
"10.1371/journal.pone.0189122","study","dph",66.7914923985702,9.10026564032407,48.9549717435351,84.6280130536054,13740.153377768,105.436973878243
"10.1371/journal.pone.0189122","study","dt:dph",-5.56668854047331,3.63972711098695,-12.7005536780077,1.56717659706111,13740.153377768,105.436973878243
"10.1371/journal.pone.0235125","study","intrcpt",-4.17804115047914,4.02744367018633,-12.0718307440443,3.71574844308608,13824.672805693,102.44707355757
"10.1371/journal.pone.0235125","study","dt",-7.7997278000992,1.20621097975668,-10.1639013204223,-5.4355542797761,13824.672805693,102.44707355757
"10.1371/journal.pone.0235125","study","dph",66.4359665291367,9.14022641733548,48.5211227511592,84.3508103071143,13824.672805693,102.44707355757
"10.1371/journal.pone.0235125","study","dt:dph",-5.497300893869,3.66146160342027,-12.6737656365727,1.67916384883472,13824.672805693,102.44707355757
"10.1371/journal.pone.0286661","study","intrcpt",-3.7137039691219,4.01447499734363,-11.5820749639154,4.15466702567161,13844.8066418914,103.874956620876
"10.1371/journal.pone.0286661","study","dt",-7.86762941890516,1.20445083533352,-10.2283530561589,-5.50690578165145,13844.8066418914,103.874956620876
"10.1371/journal.pone.0286661","study","dph",66.6284788312341,9.12139645590552,48.7505417776593,84.5064158848089,13844.8066418914,103.874956620876
"10.1371/journal.pone.0286661","study","dt:dph",-5.52446072787394,3.65607641403682,-12.6903704993861,1.64144904363822,13844.8066418914,103.874956620876
"10.3354/meps09309","study","intrcpt",-3.45643428904495,3.94612898670215,-11.1908471029812,4.27797852489126,13775.0690479763,104.213889325545
"10.3354/meps09309","study","dt",-7.83133576336228,1.19255017975874,-10.1687341156894,-5.49393741103514,13775.0690479763,104.213889325545
"10.3354/meps09309","study","dph",65.8158273677448,9.05514846076272,48.0677363846499,83.5639183508398,13775.0690479763,104.213889325545
"10.3354/meps09309","study","dt:dph",-5.3081763353355,3.63173808872984,-12.426382989246,1.81003031857498,13775.0690479763,104.213889325545
"10.3354/meps10981","study","intrcpt",-3.90559451000844,4.02268895921512,-11.7900648700701,3.97887585005319,13837.9483711052,102.280714028918
"10.3354/meps10981","study","dt",-7.81872025914619,1.20714007218141,-10.1847148006217,-5.45272571767064,13837.9483711052,102.280714028918
"10.3354/meps10981","study","dph",66.0198453418518,9.16986365407612,48.0469125798626,83.992778103841,13837.9483711052,102.280714028918
"10.3354/meps10981","study","dt:dph",-5.35361178710029,3.66759491934972,-12.5420978290257,1.83487425482515,13837.9483711052,102.280714028918
"10.3354/meps11512-LOC-A","study","intrcpt",-3.80156171685952,4.0151831644122,-11.6713207191074,4.06819728538839,13845.3129665753,103.538338598696
"10.3354/meps11512-LOC-A","study","dt",-7.85050150804564,1.20464803465898,-10.2116116559772,-5.48939136011403,13845.3129665753,103.538338598696
"10.3354/meps11512-LOC-A","study","dph",66.4406172301523,9.12297078912064,48.5595944834758,84.3216399768287,13845.3129665753,103.538338598696
"10.3354/meps11512-LOC-A","study","dt:dph",-5.47053434175046,3.65672972378939,-12.6377246003777,1.69665591687675,13845.3129665753,103.538338598696
"10.3354/meps11512-LOC-B","study","intrcpt",-3.91783261659119,4.01860127173905,-11.7942911091997,3.95862587601734,13848.2969049212,103.331206028426
"10.3354/meps11512-LOC-B","study","dt",-7.83846584359334,1.20539136940489,-10.2010329276269,-5.47589875955975,13848.2969049212,103.331206028426
"10.3354/meps11512-LOC-B","study","dph",66.4383456548505,9.12800170880345,48.5474623055957,84.3292290041052,13848.2969049212,103.331206028426
"10.3354/meps11512-LOC-B","study","dt:dph",-5.46559442500426,3.65857413564881,-12.6363997308759,1.7052108808674,13848.2969049212,103.331206028426
"10.3354/meps11591","study","intrcpt",-3.92081827086868,4.01308917551513,-11.7864730548783,3.94483651314097,13847.4396755064,103.450234968544
"10.3354/meps11591","study","dt",-7.83866695711638,1.20466348402658,-10.1998073858085,-5.47752652842428,13847.4396755064,103.450234968544
"10.3354/meps11591","study","dph",66.4753255345427,9.12359617302479,48.5930770354141,84.3575740336713,13847.4396755064,103.450234968544
"10.3354/meps11591","study","dt:dph",-5.47529544501056,3.65695093578188,-12.6429192791431,1.69232838912193,13847.4396755064,103.450234968544
"10.3354/meps11655","study","intrcpt",-4.01617141740973,4.01502686423022,-11.885624071301,3.8532812364815,13847.934948679,103.350267876431
"10.3354/meps11655","study","dt",-7.84463733543671,1.20574363361539,-10.2078948573229,-5.48137981355056,13847.934948679,103.350267876431
"10.3354/meps11655","study","dph",66.4765434084847,9.12581133932457,48.5899531834086,84.3631336335609,13847.934948679,103.350267876431
"10.3354/meps11655","study","dt:dph",-5.48208535949716,3.65905526426621,-12.6538336774589,1.68966295846462,13847.934948679,103.350267876431
"10.3354/meps12552","study","intrcpt",-3.84102699744828,4.00984309108724,-11.7003194559793,4.01826546108272,13720.999508647,91.937153452031
"10.3354/meps12552","study","dt",-7.77491670428187,1.21438600962982,-10.1551132831563,-5.39472012540741,13720.999508647,91.937153452031
"10.3354/meps12552","study","dph",66.8572254026522,9.13662486744287,48.9494406624642,84.7650101428402,13720.999508647,91.937153452031
"10.3354/meps12552","study","dt:dph",-7.52221416204001,3.73114532327276,-14.8352589956546,-0.209169328425393,13720.999508647,91.937153452031
"10.3389/fmars.2019.00150","study","intrcpt",-3.97279614828783,4.02921953507127,-11.8700664370275,3.92447414045187,13839.0178054469,102.743939525239
"10.3389/fmars.2019.00150","study","dt",-7.82277258135602,1.20746397020577,-10.1894019629593,-5.45614319975271,13839.0178054469,102.743939525239
"10.3389/fmars.2019.00150","study","dph",66.137494108255,9.14900876843938,48.2054369221138,84.0695512943962,13839.0178054469,102.743939525239
"10.3389/fmars.2019.00150","study","dt:dph",-5.35908103212743,3.66550308878028,-12.5434670861368,1.82530502188191,13839.0178054469,102.743939525239
"10.3389/fmars.2021.660196","study","intrcpt",-4.11113269288371,4.02690904195495,-12.0038744151154,3.78160902934799,13837.1071882384,103.086831182306
"10.3389/fmars.2021.660196","study","dt",-7.80683360356035,1.20649452557106,-10.1715628736796,-5.44210433344107,13837.1071882384,103.086831182306
"10.3389/fmars.2021.660196","study","dph",66.5717730909822,9.13784173285716,48.6616032945822,84.4819428873823,13837.1071882384,103.086831182306
"10.3389/fmars.2021.660196","study","dt:dph",-5.44726852900797,3.66180828610595,-12.6244127697756,1.7298757117597,13837.1071882384,103.086831182306
"10.3389/fmars.2021.704487","study","intrcpt",-3.82343127319835,4.0249518939472,-11.7123369853349,4.06547443893816,13842.2925138292,102.253202018174
"10.3389/fmars.2021.704487","study","dt",-7.86112582329007,1.21064570585013,-10.2339914067563,-5.4882602398238,13842.2925138292,102.253202018174
"10.3389/fmars.2021.704487","study","dph",66.5886462638255,9.13401059049072,48.6859855064637,84.4913070211873,13842.2925138292,102.253202018174
"10.3389/fmars.2021.704487","study","dt:dph",-5.67823153646068,3.6675140361724,-12.8665590473586,1.51009597443723,13842.2925138292,102.253202018174
"10.3389/fmars.2022.922478","study","intrcpt",-4.02235592693035,4.02258358559753,-11.9066197547015,3.8619079008408,13784.6097376666,102.049001089017
"10.3389/fmars.2022.922478","study","dt",-7.77137610192837,1.22271058497147,-10.1678888484725,-5.37486335538428,13784.6097376666,102.049001089017
"10.3389/fmars.2022.922478","study","dph",66.3005553553217,9.15172231174873,48.3631796242942,84.2379310863492,13784.6097376666,102.049001089017
"10.3389/fmars.2022.922478","study","dt:dph",-5.36434270715311,3.67681236334386,-12.5708949393071,1.84220952500085,13784.6097376666,102.049001089017
"10.3389/fmars.2022.964803","study","intrcpt",-4.18529061098498,4.03206579855903,-12.0881395761607,3.71755835419071,13408.7521441981,103.095360668487
"10.3389/fmars.2022.964803","study","dt",-7.84150891058386,1.20972967724963,-10.2125790779931,-5.47043874317457,13408.7521441981,103.095360668487
"10.3389/fmars.2022.964803","study","dph",66.4125587466133,9.15844296974574,48.4620105259117,84.363106967315,13408.7521441981,103.095360668487
"10.3389/fmars.2022.964803","study","dt:dph",-5.32155890600409,3.67063131328505,-12.5159962800428,1.87287846803462,13408.7521441981,103.095360668487
"10.3389/fmars.2022.968740","study","intrcpt",-4.31202438029372,3.93131382463195,-12.0173994765723,3.3933507159849,13365.8421633561,104.684923562474
"10.3389/fmars.2022.968740","study","dt",-7.71709484707855,1.17227037801867,-10.0147447879951,-5.41944490616196,13365.8421633561,104.684923562474
"10.3389/fmars.2022.968740","study","dph",63.7653730867499,8.93320242353292,46.2562963366254,81.2744498368744,13365.8421633561,104.684923562474
"10.3389/fmars.2022.968740","study","dt:dph",-4.88796980587721,3.56031945920226,-11.8661959459136,2.09025633415923,13365.8421633561,104.684923562474
"10.3389/fphys.2018.01952","study","intrcpt",-4.14734337369081,4.02665900533982,-12.0395950241568,3.74490827677524,13724.475823078,102.914258195687
"10.3389/fphys.2018.01952","study","dt",-7.81060319131667,1.20653402000693,-10.1754098705303,-5.44579651210308,13724.475823078,102.914258195687
"10.3389/fphys.2018.01952","study","dph",66.4240960869687,9.13359272438273,48.5222543471786,84.3259378267589,13724.475823078,102.914258195687
"10.3389/fphys.2018.01952","study","dt:dph",-5.45119528403466,3.66093120747978,-12.626620450695,1.7242298826257,13724.475823078,102.914258195687
"10.3390/jmse10060790-LOC-A","study","intrcpt",-3.62443102262863,3.99359299685775,-11.4518732964698,4.20301125121255,13835.9674143201,103.757581061747
"10.3390/jmse10060790-LOC-A","study","dt",-7.74957083620771,1.20186772800924,-10.1052315831058,-5.3939100893096,13835.9674143201,103.757581061747
"10.3390/jmse10060790-LOC-A","study","dph",66.8090819667456,9.10918216872084,48.9550849160528,84.6630790174384,13835.9674143201,103.757581061747
"10.3390/jmse10060790-LOC-A","study","dt:dph",-5.4318352645746,3.65190804085642,-12.5895750246532,1.72590449550397,13835.9674143201,103.757581061747
"10.3390/jmse10060790-LOC-B","study","intrcpt",-3.82307313263674,4.01882444644408,-11.6999690476671,4.05382278239366,13847.0590885304,103.339184178189
"10.3390/jmse10060790-LOC-B","study","dt",-7.79897160325692,1.20589016230018,-10.1625163213653,-5.43542688514857,13847.0590885304,103.339184178189
"10.3390/jmse10060790-LOC-B","study","dph",66.6165553539157,9.13076601257096,48.7202539692766,84.5128567385548,13847.0590885304,103.339184178189
"10.3390/jmse10060790-LOC-B","study","dt:dph",-5.45235533582743,3.65922753820523,-12.6244413107097,1.71973063905482,13847.0590885304,103.339184178189
"10.3390/jmse9070739","study","intrcpt",-3.985800619268,4.01157435409158,-11.8484863532875,3.87688511475149,13848.4056900157,103.368293596145
"10.3390/jmse9070739","study","dt",-7.82988979406219,1.20451720863303,-10.1907435229829,-5.46903606514145,13848.4056900157,103.368293596145
"10.3390/jmse9070739","study","dph",66.4659588947711,9.1230874812021,48.584707431615,84.3472103579272,13848.4056900157,103.368293596145
"10.3390/jmse9070739","study","dt:dph",-5.47149124852469,3.65676893010072,-12.6387583515221,1.69577585447273,13848.4056900157,103.368293596145
"10.4319/lo.2011.56.4.1200","study","intrcpt",-3.6891936610005,3.99989809572093,-11.5289939286135,4.15060660661252,13753.5203134586,99.0535447937702
"10.4319/lo.2011.56.4.1200","study","dt",-7.83267132998923,1.20396696802015,-10.1924465873087,-5.47289607266973,13753.5203134586,99.0535447937702
"10.4319/lo.2011.56.4.1200","study","dph",66.2749070006905,9.11635463669128,48.4068519127756,84.1429620886054,13753.5203134586,99.0535447937702
"10.4319/lo.2011.56.4.1200","study","dt:dph",-6.17392104998563,3.65840893843398,-13.3444025693162,0.99656046934497,13753.5203134586,99.0535447937702
"10.4319/lo.2011.56.6.2402","study","intrcpt",-3.94645019795158,4.02972095220607,-11.8447032642755,3.95180286837232,13836.7836846377,103.631405083574
"10.4319/lo.2011.56.6.2402","study","dt",-7.91853804994798,1.21084489725181,-10.2917940485615,-5.54528205133444,13836.7836846377,103.631405083574
"10.4319/lo.2011.56.6.2402","study","dph",66.519446538907,9.13790094032963,48.609160695861,84.4297323819531,13836.7836846377,103.631405083574
"10.4319/lo.2011.56.6.2402","study","dt:dph",-5.52182357111397,3.66468033172032,-12.7045970212858,1.66094987905786,13836.7836846377,103.631405083574
"10.4319/lo.2013.58.1.0388","study","intrcpt",-3.97131183379051,4.05377198697949,-11.9167049282703,3.97408126068928,13838.9389757424,102.1678433276
"10.4319/lo.2013.58.1.0388","study","dt",-7.85624409375929,1.2144185433087,-10.2365044386443,-5.47598374887425,13838.9389757424,102.1678433276
"10.4319/lo.2013.58.1.0388","study","dph",67.1288392379891,9.28162540775067,48.9368534387978,85.3208250371804,13838.9389757424,102.1678433276
"10.4319/lo.2013.58.1.0388","study","dt:dph",-5.63383969672211,3.69501178715401,-12.876062799544,1.60838340609976,13838.9389757424,102.1678433276
"10.4319/lo.2014.59.3.1081","study","intrcpt",-4.69626198804934,4.22875711949401,-12.9846259422576,3.59210196615891,13732.4388408987,91.0023870231262
"10.4319/lo.2014.59.3.1081","study","dt",-7.65297210259038,1.25603207804469,-10.114794975558,-5.19114922962279,13732.4388408987,91.0023870231262
"10.4319/lo.2014.59.3.1081","study","dph",64.6405128340957,9.9906975172077,45.0587457003686,84.2222799678228,13732.4388408987,91.0023870231262
"10.4319/lo.2014.59.3.1081","study","dt:dph",-4.87789856190461,3.85661307245826,-12.4368601839228,2.68106306011358,13732.4388408987,91.0023870231262
"10.4319/lo.2014.59.5.1468","study","intrcpt",-4.0080546983156,4.01841455483601,-11.8841472257942,3.86803782916297,13848.1597920854,103.271648003301
"10.4319/lo.2014.59.5.1468","study","dt",-7.8289756892605,1.20534631718347,-10.1914544709401,-5.46649690758089,13848.1597920854,103.271648003301
"10.4319/lo.2014.59.5.1468","study","dph",66.465624125556,9.1271722024588,48.5763666087367,84.3548816423752,13848.1597920854,103.271648003301
"10.4319/lo.2014.59.5.1468","study","dt:dph",-5.47042008373116,3.65829713208495,-12.6406824626177,1.69984229515534,13848.1597920854,103.271648003301
"10.5194/bg-17-887-2020","study","intrcpt",-3.92808943372671,4.01195727067131,-11.7915256842425,3.93534681678905,13771.8380803839,102.781373779724
"10.5194/bg-17-887-2020","study","dt",-7.81690876796624,1.20460578683342,-10.1779361101597,-5.45588142577274,13771.8380803839,102.781373779724
"10.5194/bg-17-887-2020","study","dph",65.9937594855056,9.1354422333476,48.0882927081443,83.8992262628668,13771.8380803839,102.781373779724
"10.5194/bg-17-887-2020","study","dt:dph",-5.34485977202868,3.65903418982693,-12.5165667840895,1.82684724003211,13771.8380803839,102.781373779724
"10.7717/peerj.3749","study","intrcpt",-3.98385528021783,4.01187653094777,-11.8471332808755,3.87942272043981,13847.6144673781,103.549117550876
"10.7717/peerj.3749","study","dt",-7.83708133185929,1.20460267511291,-10.1981025750806,-5.47606008863798,13847.6144673781,103.549117550876
"10.7717/peerj.3749","study","dph",66.6281446469074,9.12603427480591,48.7411174682878,84.515171825527,13847.6144673781,103.549117550876
"10.7717/peerj.3749","study","dt:dph",-5.51569270454791,3.65735608937373,-12.6841106397204,1.6527252306246,13847.6144673781,103.549117550876
"10.7717/peerj.411_2009-LOC-A","study","intrcpt",-3.40973150826233,3.94704682504236,-11.1459432853454,4.32648026882069,13799.4781491891,103.925227648938
"10.7717/peerj.411_2009-LOC-A","study","dt",-7.83212842146569,1.19444501795849,-10.1732406566643,-5.49101618626705,13799.4781491891,103.925227648938
"10.7717/peerj.411_2009-LOC-A","study","dph",65.8690159679095,9.07180693519787,48.0882743749217,83.6497575608973,13799.4781491891,103.925227648938
"10.7717/peerj.411_2009-LOC-A","study","dt:dph",-5.3072208014612,3.63924865369923,-12.4401481627117,1.8257065597893,13799.4781491891,103.925227648938
"10.7717/peerj.411_2010-LOC-B","study","intrcpt",-3.99672382918918,4.01655672985256,-11.8691750197002,3.87572736132185,13848.3414790202,103.285817397348
"10.7717/peerj.411_2010-LOC-B","study","dt",-7.82915172091401,1.20509596165194,-10.1911398057518,-5.46716363607621,13848.3414790202,103.285817397348
"10.7717/peerj.411_2010-LOC-B","study","dph",66.456403520776,9.12600817647117,48.5694274948925,84.3433795466595,13848.3414790202,103.285817397348
"10.7717/peerj.411_2010-LOC-B","study","dt:dph",-5.46856103433566,3.65771844516634,-12.6376891868617,1.70056711819036,13848.3414790202,103.285817397348
"10.7717/peerj.411_2011","study","intrcpt",-3.4352667449635,4.00008651898554,-11.2754363221752,4.40490283224816,13822.4376228553,104.432621131085
"10.7717/peerj.411_2011","study","dt",-7.89276987891066,1.20221053720907,-10.2491025318404,-5.5364372259809,13822.4376228553,104.432621131085
"10.7717/peerj.411_2011","study","dph",66.7067234688596,9.11018934714177,48.8507523484617,84.5626945892575,13822.4376228553,104.432621131085
"10.7717/peerj.411_2011","study","dt:dph",-5.54050049476978,3.65266029407904,-12.6997146711647,1.61871368162513,13822.4376228553,104.432621131085
"10.7717/peerj.411_2012","study","intrcpt",-4.15326538081644,4.01858306879225,-12.0296881956492,3.72315743401638,13843.4890541831,103.057134356321
"10.7717/peerj.411_2012","study","dt",-7.808374176405,1.20511321153099,-10.1703960710057,-5.44635228180426,13843.4890541831,103.057134356321
"10.7717/peerj.411_2012","study","dph",66.4051572470072,9.12494274397187,48.5202694688223,84.290045025192,13843.4890541831,103.057134356321
"10.7717/peerj.411_2012","study","dt:dph",-5.44960140474524,3.65742541261156,-12.6181552134639,1.71895240397343,13843.4890541831,103.057134356321
"10.7717/peerj.5347","study","intrcpt",-4.01942470840337,4.03366155234053,-11.9254013509908,3.88655193418408,13669.3875748046,102.927040063847
"10.7717/peerj.5347","study","dt",-7.83757375137579,1.20822872377058,-10.2057020499661,-5.46944545278546,13669.3875748046,102.927040063847
"10.7717/peerj.5347","study","dph",66.4267416399758,9.1485760271191,48.4955326268224,84.3579506531292,13669.3875748046,102.927040063847
"10.7717/peerj.5347","study","dt:dph",-5.4633303148992,3.66522275825281,-12.6471669210747,1.7205062912763,13669.3875748046,102.927040063847
"doi:10.1093/icesjms/fsw026","study","intrcpt",-3.74146249359067,4.02987513110972,-11.6400177505657,4.15709276338439,13846.0064045667,103.615218762676
"doi:10.1093/icesjms/fsw026","study","dt",-7.86689331609942,1.2067201792445,-10.2320648674186,-5.5017217647802,13846.0064045667,103.615218762676
"doi:10.1093/icesjms/fsw026","study","dph",66.7078566920437,9.13726828363338,48.7988108561222,84.6169025279651,13846.0064045667,103.615218762676
"doi:10.1093/icesjms/fsw026","study","dt:dph",-5.54328697408947,3.66150369958315,-12.7198342252724,1.6332602770935,13846.0064045667,103.615218762676
"https://api.semanticscholar.org/CorpusID:56267143","study","intrcpt",-3.88583020019668,4.03221423050525,-11.788970091987,4.01730969159361,13832.805942808,104.363400973
"https://api.semanticscholar.org/CorpusID:56267143","study","dt",-7.88222682607057,1.20668655634408,-10.247332476505,-5.51712117563618,13832.805942808,104.363400973
"https://api.semanticscholar.org/CorpusID:56267143","study","dph",66.2769191294808,9.15171605875489,48.3395556543212,84.2142826046404,13832.805942808,104.363400973
"https://api.semanticscholar.org/CorpusID:56267143","study","dt:dph",-5.20979121822146,3.66420046272572,-12.3916241251639,1.97204168872096,13832.805942808,104.363400973
